"Plate","Ct","dilution","Adj_Vol","Sample"
1,33.2118682861328,1,2,"0321.2Brn.Dn.3"
1,33.2286720275879,1,2,"0321.2Brn.Dn.3"
1,32.5608558654785,1,2,"0321.2Brn.Dn.3"
1,36.7558746337891,100,2,"0321.1Prt.Dn.3"
1,37.6546211242676,100,2,"0321.1Prt.Dn.3"
1,NA,100,2,"0321.1Prt.Dn.3"
1,34.1763954162598,100,1.99,"0321.1Prt.Up.2"
1,33.6122512817383,100,1.99,"0321.1Prt.Up.2"
1,35.4922256469727,100,1.99,"0321.1Prt.Up.2"
1,36.6788330078125,10,2.03,"0321.3Chk.Dn.1"
1,NA,10,2.03,"0321.3Chk.Dn.1"
1,37.3607139587402,10,2.03,"0321.3Chk.Dn.1"
1,33.7808227539062,1,2,"0321.3Chk.Dn.2"
1,33.8706321716309,1,2,"0321.3Chk.Dn.2"
1,33.2807579040527,1,2,"0321.3Chk.Dn.2"
1,31.1462593078613,1,1.99,"0321.2Brn.Dn.1"
1,30.5725250244141,1,1.99,"0321.2Brn.Dn.1"
1,30.9686946868896,1,1.99,"0321.2Brn.Dn.1"
1,36.4805335998535,10,2.01,"0321.3Chk.Dn.3"
1,36.7302398681641,10,2.01,"0321.3Chk.Dn.3"
1,NA,10,2.01,"0321.3Chk.Dn.3"
1,34.0580825805664,1,1.94,"0321.2Brn.Dn.2"
1,35.1206893920898,1,1.94,"0321.2Brn.Dn.2"
1,34.2606506347656,1,1.94,"0321.2Brn.Dn.2"
1,35.8698501586914,10,2.01,"0321.3Chk.Up.1"
1,34.9012870788574,10,2.01,"0321.3Chk.Up.1"
1,37.1122283935547,10,2.01,"0321.3Chk.Up.1"
2,34.0798606872559,100,1.97,"0421.1Prt.Dn.1"
2,34.099723815918,100,1.97,"0421.1Prt.Dn.1"
2,34.4100151062012,100,1.97,"0421.1Prt.Dn.1"
2,37.3017845153809,100,1.97,"0421.1Prt.Dn.2"
2,35.4154853820801,100,1.97,"0421.1Prt.Dn.2"
2,36.758373260498,100,1.97,"0421.1Prt.Dn.2"
3,34.8366470336914,10,2.02,"0521.1Prt.Up.2"
3,33.8421745300293,10,2.02,"0521.1Prt.Up.2"
3,33.690185546875,10,2.02,"0521.1Prt.Up.2"
3,33.5551834106445,10,2.02,"0521.1Prt.Up.3"
3,34.042366027832,10,2.02,"0521.1Prt.Up.3"
3,35.288703918457,10,2.02,"0521.1Prt.Up.3"
3,34.7987365722656,10,2.023333333,"0521.3Chk.Dn.2"
3,35.2992515563965,10,2.023333333,"0521.3Chk.Dn.2"
3,35.7068824768066,10,2.023333333,"0521.3Chk.Dn.2"
3,33.896411895752,1,2.01,"0521.2Brn.Dn.2"
3,33.2729606628418,1,2.01,"0521.2Brn.Dn.2"
3,34.1611251831055,1,2.01,"0521.2Brn.Dn.2"
3,36.2042503356934,10,2.02,"0521.1Prt.Dn.1"
3,36.7213706970215,10,2.02,"0521.1Prt.Dn.1"
3,36.9738159179688,10,2.02,"0521.1Prt.Dn.1"
3,33.0114402770996,1,2.01,"0521.2Brn.Dn.3"
3,33.1084060668945,1,2.01,"0521.2Brn.Dn.3"
3,32.9464263916016,1,2.01,"0521.2Brn.Dn.3"
3,35.5440444946289,10,1.93,"0521.3Chk.Up.2"
3,35.7311744689941,10,1.93,"0521.3Chk.Up.2"
3,35.2154731750488,10,1.93,"0521.3Chk.Up.2"
3,35.6495590209961,10,2.02,"0521.1Prt.Dn.2"
3,36.7780838012695,10,2.02,"0521.1Prt.Dn.2"
3,37.1946105957031,10,2.02,"0521.1Prt.Dn.2"
3,35.97998046875,10,1.93,"0521.3Chk.Up.3"
3,35.2299957275391,10,1.93,"0521.3Chk.Up.3"
3,36.4451751708984,10,1.93,"0521.3Chk.Up.3"
3,34.9669456481934,10,2.02,"0521.1Prt.Dn.3"
3,34.548210144043,10,2.02,"0521.1Prt.Dn.3"
3,35.4528388977051,10,2.02,"0521.1Prt.Dn.3"
3,37.2164878845215,10,2.02,"0521.1Prt.Up.1"
3,38.0398254394531,10,2.02,"0521.1Prt.Up.1"
3,38.9418983459473,10,2.02,"0521.1Prt.Up.1"
4,31.906623840332,1,2.016666667,"0521.5Sqm.Dn.1"
4,32.7876892089844,1,2.016666667,"0521.5Sqm.Dn.1"
4,31.8273639678955,1,2.016666667,"0521.5Sqm.Dn.1"
4,32.2495956420898,10,2.03,"0621.1Prt.Dn.3"
4,32.9662475585938,10,2.03,"0621.1Prt.Dn.3"
4,32.3570899963379,10,2.03,"0621.1Prt.Dn.3"
4,30.8272647857666,1,2.016666667,"0521.5Sqm.Dn.2"
4,30.4717254638672,1,2.016666667,"0521.5Sqm.Dn.2"
4,30.3680763244629,1,2.016666667,"0521.5Sqm.Dn.2"
4,32.6430168151855,10,2.03,"0621.1Prt.Up.1"
4,33.0518646240234,10,2.03,"0621.1Prt.Up.1"
4,32.8389511108398,10,2.03,"0621.1Prt.Up.1"
4,30.4112567901611,1,2.016666667,"0521.5Sqm.Dn.3"
4,30.6383419036865,1,2.016666667,"0521.5Sqm.Dn.3"
4,30.5170154571533,1,2.016666667,"0521.5Sqm.Dn.3"
4,32.0371170043945,10,2.03,"0621.1Prt.Up.2"
4,32.6210708618164,10,2.03,"0621.1Prt.Up.2"
4,33.3491249084473,10,2.03,"0621.1Prt.Up.2"
4,28.6589069366455,1,2.03,"0621.3Chk.Dn.1"
4,28.2324409484863,1,2.03,"0621.3Chk.Dn.1"
4,28.1790294647217,1,2.03,"0621.3Chk.Dn.1"
4,30.4446220397949,1,2.016666667,"0521.5Sqm.Up.1"
4,31.0045032501221,1,2.016666667,"0521.5Sqm.Up.1"
4,30.5147590637207,1,2.016666667,"0521.5Sqm.Up.1"
4,32.6673202514648,10,2.03,"0621.1Prt.Up.3"
4,32.1382102966309,10,2.03,"0621.1Prt.Up.3"
4,32.3831787109375,10,2.03,"0621.1Prt.Up.3"
4,27.4261779785156,1,2.03,"0621.3Chk.Dn.2"
4,28.1172065734863,1,2.03,"0621.3Chk.Dn.2"
4,27.0365009307861,1,2.03,"0621.3Chk.Dn.2"
4,30.4991493225098,1,2.016666667,"0521.5Sqm.Up.2"
4,30.6561698913574,1,2.016666667,"0521.5Sqm.Up.2"
4,31.1968975067139,1,2.016666667,"0521.5Sqm.Up.2"
4,27.9199390411377,1,2.03,"0621.3Chk.Dn.3"
4,27.8320331573486,1,2.03,"0621.3Chk.Dn.3"
4,28.1393547058105,1,2.03,"0621.3Chk.Dn.3"
4,30.371223449707,1,2.016666667,"0521.5Sqm.Up.3"
4,30.7472667694092,1,2.016666667,"0521.5Sqm.Up.3"
4,30.5784950256348,1,2.016666667,"0521.5Sqm.Up.3"
4,NA,1,2.033333333,"0621.2Brn.Dn.2"
4,29.4443244934082,1,2.033333333,"0621.2Brn.Dn.2"
4,28.6156902313232,1,2.033333333,"0621.2Brn.Dn.2"
4,27.5943431854248,1,2.026666667,"0621.3Chk.Up.1"
4,28.4311447143555,1,2.026666667,"0621.3Chk.Up.1"
4,28.506628036499,1,2.026666667,"0621.3Chk.Up.1"
4,34.5782432556152,10,2.03,"0621.1Prt.Dn.1"
4,32.9943237304688,10,2.03,"0621.1Prt.Dn.1"
4,33.7303924560547,10,2.03,"0621.1Prt.Dn.1"
4,34.4006309509277,10,2.03,"0621.1Prt.Dn.2"
4,34.6175575256348,10,2.03,"0621.1Prt.Dn.2"
4,33.9326171875,10,2.03,"0621.1Prt.Dn.2"
5,33.359375,10,2.023333333,"0621.5Sqm.Dn.1"
5,33.010814666748,10,2.023333333,"0621.5Sqm.Dn.1"
5,32.9285774230957,10,2.023333333,"0621.5Sqm.Dn.1"
5,33.7839660644531,10,2.023333333,"0621.5Sqm.Dn.2"
5,33.727912902832,10,2.023333333,"0621.5Sqm.Dn.2"
5,33.9375991821289,10,2.023333333,"0621.5Sqm.Dn.2"
5,29.1010665893555,1,2.03,"0721.3Chk.Dn.1"
5,27.9401893615723,1,2.03,"0721.3Chk.Dn.1"
5,28.1057434082031,1,2.03,"0721.3Chk.Dn.1"
5,33.0333595275879,10,2.006666667,"0621.5Sqm.Up.1"
5,NA,10,2.006666667,"0621.5Sqm.Up.1"
5,33.1130523681641,10,2.006666667,"0621.5Sqm.Up.1"
5,28.9206275939941,1,2.03,"0721.3Chk.Dn.2"
5,28.9329128265381,1,2.03,"0721.3Chk.Dn.2"
5,28.5791110992432,1,2.03,"0721.3Chk.Dn.2"
5,30.5967845916748,10,2.04,"0721.2Brn.Dn.1"
5,30.9883842468262,10,2.04,"0721.2Brn.Dn.1"
5,30.9801578521729,10,2.04,"0721.2Brn.Dn.1"
5,33.0986709594727,10,2.006666667,"0621.5Sqm.Up.3"
5,32.8980903625488,10,2.006666667,"0621.5Sqm.Up.3"
5,33.3804130554199,10,2.006666667,"0621.5Sqm.Up.3"
6,27.6236782073975,1,2.03,"0721.3Chk.Dn.3"
6,27.8347454071045,1,2.03,"0721.3Chk.Dn.3"
6,27.4643745422363,1,2.03,"0721.3Chk.Dn.3"
6,29.2979373931885,1,2.02,"0821.2Brn.Dn.1"
6,29.7174053192139,1,2.02,"0821.2Brn.Dn.1"
6,30.3074111938477,1,2.02,"0821.2Brn.Dn.1"
6,26.4816360473633,1,2.033333333,"0721.3Chk.Up.1"
6,26.5652561187744,1,2.033333333,"0721.3Chk.Up.1"
6,26.3409633636475,1,2.033333333,"0721.3Chk.Up.1"
6,29.3292369842529,1,2.02,"0821.2Brn.Dn.2"
6,28.6812839508057,1,2.02,"0821.2Brn.Dn.2"
6,28.607967376709,1,2.02,"0821.2Brn.Dn.2"
6,26.1449203491211,1,2.033333333,"0721.3Chk.Up.2"
6,27.251932144165,1,2.033333333,"0721.3Chk.Up.2"
6,26.7176380157471,1,2.033333333,"0721.3Chk.Up.2"
6,29.1811046600342,1,2.02,"0821.2Brn.Dn.3"
6,29.0443286895752,1,2.02,"0821.2Brn.Dn.3"
6,28.9912414550781,1,2.02,"0821.2Brn.Dn.3"
6,26.2230987548828,1,2.033333333,"0721.3Chk.Up.3"
6,25.880407333374,1,2.033333333,"0721.3Chk.Up.3"
6,26.4833908081055,1,2.033333333,"0721.3Chk.Up.3"
6,27.3722267150879,1,2.01,"0721.5Sqm.Up.1"
6,26.4036617279053,1,2.01,"0721.5Sqm.Up.1"
6,26.5484256744385,1,2.01,"0721.5Sqm.Up.1"
10,30.2126731872559,1,2.023333333,"1121.3Chk.Dn.1"
10,30.3436946868896,1,2.023333333,"1121.3Chk.Dn.1"
10,31.1669368743896,1,2.023333333,"1121.3Chk.Dn.1"
10,34.4139366149902,1,2.023333333,"1121.3Chk.Dn.2"
10,36.1742362976074,1,2.023333333,"1121.3Chk.Dn.2"
10,35.6321792602539,1,2.023333333,"1121.3Chk.Dn.2"
10,31.7547359466553,1,2.023333333,"1121.3Chk.Dn.3"
10,32.439079284668,1,2.023333333,"1121.3Chk.Dn.3"
10,32.3272933959961,1,2.023333333,"1121.3Chk.Dn.3"
10,33.8666038513184,1,2.01,"1121.3Chk.Up.1"
10,34.3197174072266,1,2.01,"1121.3Chk.Up.1"
10,35.6911125183105,1,2.01,"1121.3Chk.Up.1"
10,31.7245712280273,1,2.01,"1121.3Chk.Up.2"
10,32.563346862793,1,2.01,"1121.3Chk.Up.2"
10,32.708251953125,1,2.01,"1121.3Chk.Up.2"
11,36.9197731018066,1,2.056666667,"1221.2Brn.Dn.3"
11,35.9880523681641,1,2.056666667,"1221.2Brn.Dn.3"
11,36.7326507568359,1,2.056666667,"1221.2Brn.Dn.3"
11,31.8530044555664,10,2.026666667,"0122.1Prt.Dn.3"
11,32.175594329834,10,2.026666667,"0122.1Prt.Dn.3"
11,32.7995147705078,10,2.026666667,"0122.1Prt.Dn.3"
11,37.5966911315918,1,1.296666667,"1221.3Chk.Dn.1"
11,36.4255599975586,1,1.296666667,"1221.3Chk.Dn.1"
11,35.186767578125,1,1.296666667,"1221.3Chk.Dn.1"
11,31.6099643707275,1,2.023333333,"1221.5Sqm.Dn.3"
11,31.6118240356445,1,2.023333333,"1221.5Sqm.Dn.3"
11,31.9595127105713,1,2.023333333,"1221.5Sqm.Dn.3"
11,35.779598236084,1,1.296666667,"1221.3Chk.Dn.2"
11,34.6097793579102,1,1.296666667,"1221.3Chk.Dn.2"
11,34.7349128723145,1,1.296666667,"1221.3Chk.Dn.2"
7,30.7522945404053,1,2.003333333,"0821.3Chk.Dn.1"
7,30.2644958496094,1,2.003333333,"0821.3Chk.Dn.1"
7,30.4114227294922,1,2.003333333,"0821.3Chk.Dn.1"
7,29.8525543212891,10,1.513333333,"0821.5Sqm.Dn.3"
7,30.5151252746582,10,1.513333333,"0821.5Sqm.Dn.3"
7,29.5194778442383,10,1.513333333,"0821.5Sqm.Dn.3"
7,31.5437335968018,1,2.003333333,"0821.3Chk.Dn.2"
7,30.9678020477295,1,2.003333333,"0821.3Chk.Dn.2"
7,30.9965744018555,1,2.003333333,"0821.3Chk.Dn.2"
7,25.7363739013672,1,2.006666667,"0821.5Sqm.Up.1"
7,25.9064388275146,1,2.006666667,"0821.5Sqm.Up.1"
7,25.6626052856445,1,2.006666667,"0821.5Sqm.Up.1"
7,37.5305328369141,100,2.02,"0921.1Prt.Up.3"
7,37.7793655395508,100,2.02,"0921.1Prt.Up.3"
7,36.5349655151367,100,2.02,"0921.1Prt.Up.3"
7,35.2327461242676,1,2.003333333,"0821.3Chk.Dn.3"
7,34.7952766418457,1,2.003333333,"0821.3Chk.Dn.3"
7,34.8301429748535,1,2.003333333,"0821.3Chk.Dn.3"
7,25.9450149536133,1,2.006666667,"0821.5Sqm.Up.2"
7,25.9733104705811,1,2.006666667,"0821.5Sqm.Up.2"
7,25.6674022674561,1,2.006666667,"0821.5Sqm.Up.2"
7,36.3542594909668,10,2.023333333,"0921.2Brn.Dn.1"
7,36.1466903686523,10,2.023333333,"0921.2Brn.Dn.1"
7,36.2409973144531,10,2.023333333,"0921.2Brn.Dn.1"
7,27.3981132507324,1,1.986666667,"0821.3Chk.Up.1"
7,26.9284057617188,1,1.986666667,"0821.3Chk.Up.1"
7,27.1746349334717,1,1.986666667,"0821.3Chk.Up.1"
7,25.7408294677734,1,2.006666667,"0821.5Sqm.Up.3"
7,25.3101234436035,1,2.006666667,"0821.5Sqm.Up.3"
7,25.5735664367676,1,2.006666667,"0821.5Sqm.Up.3"
7,35.2590255737305,10,2.023333333,"0921.2Brn.Dn.2"
7,35.1515464782715,10,2.023333333,"0921.2Brn.Dn.2"
7,35.211841583252,10,2.023333333,"0921.2Brn.Dn.2"
7,28.492488861084,1,1.986666667,"0821.3Chk.Up.2"
7,27.9293003082275,1,1.986666667,"0821.3Chk.Up.2"
7,28.0485706329346,1,1.986666667,"0821.3Chk.Up.2"
7,36.2071800231934,10,2.03,"0921.1Prt.Dn.1"
7,35.4303741455078,10,2.03,"0921.1Prt.Dn.1"
7,35.6470069885254,10,2.03,"0921.1Prt.Dn.1"
7,28.1474838256836,1,1.986666667,"0821.3Chk.Up.3"
7,27.5836219787598,1,1.986666667,"0821.3Chk.Up.3"
7,27.5097599029541,1,1.986666667,"0821.3Chk.Up.3"
7,36.7620620727539,10,2.03,"0921.1Prt.Dn.2"
7,36.4342384338379,10,2.03,"0921.1Prt.Dn.2"
7,36.1884002685547,10,2.03,"0921.1Prt.Dn.2"
7,34.9275054931641,10,2.03,"0921.1Prt.Dn.3"
7,34.6021270751953,10,2.03,"0921.1Prt.Dn.3"
7,35.2440643310547,10,2.03,"0921.1Prt.Dn.3"
7,33.7224884033203,10,2.02,"0921.1Prt.Up.1"
7,33.6287956237793,10,2.02,"0921.1Prt.Up.1"
7,33.6721343994141,10,2.02,"0921.1Prt.Up.1"
8,36.4144248962402,100,1.77,"0921.5Sqm.Dn.1"
8,36.2044486999512,100,1.77,"0921.5Sqm.Dn.1"
8,36.9192771911621,100,1.77,"0921.5Sqm.Dn.1"
8,38.2685050964355,10,2.02,"1021.1Prt.Up.3"
8,37.1824493408203,10,2.02,"1021.1Prt.Up.3"
8,37.6441650390625,10,2.02,"1021.1Prt.Up.3"
8,34.9718704223633,100,1.77,"0921.5Sqm.Dn.2"
8,35.1621589660645,100,1.77,"0921.5Sqm.Dn.2"
8,34.9841613769531,100,1.77,"0921.5Sqm.Dn.2"
8,34.898063659668,1,2.023333333,"1021.2Brn.Dn.1"
8,36.3166961669922,1,2.023333333,"1021.2Brn.Dn.1"
8,35.8758926391602,1,2.023333333,"1021.2Brn.Dn.1"
8,29.7486972808838,1,2.02,"0921.3Chk.Dn.1"
8,29.5035610198975,1,2.02,"0921.3Chk.Dn.1"
8,29.6633129119873,1,2.02,"0921.3Chk.Dn.1"
8,37.5949630737305,100,1.77,"0921.5Sqm.Dn.3"
8,36.7273330688477,100,1.77,"0921.5Sqm.Dn.3"
8,37.3055152893066,100,1.77,"0921.5Sqm.Dn.3"
8,33.7605667114258,1,2.023333333,"1021.2Brn.Dn.2"
8,33.6159324645996,1,2.023333333,"1021.2Brn.Dn.2"
8,33.5162811279297,1,2.023333333,"1021.2Brn.Dn.2"
8,31.8192462921143,1,2.02,"0921.3Chk.Dn.2"
8,31.8004913330078,1,2.02,"0921.3Chk.Dn.2"
8,31.6523017883301,1,2.02,"0921.3Chk.Dn.2"
8,35.7979431152344,10,2.02,"1021.1Prt.Dn.1"
8,35.7061462402344,10,2.02,"1021.1Prt.Dn.1"
8,36.1808280944824,10,2.02,"1021.1Prt.Dn.1"
8,33.5443153381348,1,2.023333333,"1021.2Brn.Dn.3"
8,33.8510589599609,1,2.023333333,"1021.2Brn.Dn.3"
8,33.9864921569824,1,2.023333333,"1021.2Brn.Dn.3"
8,29.5959949493408,1,2.02,"0921.3Chk.Dn.3"
8,29.5321578979492,1,2.02,"0921.3Chk.Dn.3"
8,29.5445251464844,1,2.02,"0921.3Chk.Dn.3"
8,34.6877822875977,1,2.02,"1021.1Prt.Dn.2"
8,33.8218116760254,1,2.02,"1021.1Prt.Dn.2"
8,34.324291229248,1,2.02,"1021.1Prt.Dn.2"
8,26.9383449554443,1,2.016666667,"0921.3Chk.Up.1"
8,26.7811050415039,1,2.016666667,"0921.3Chk.Up.1"
8,27.0245838165283,1,2.016666667,"0921.3Chk.Up.1"
8,37.8237686157227,10,2.02,"1021.1Prt.Dn.3"
8,35.4759559631348,10,2.02,"1021.1Prt.Dn.3"
8,36.2548751831055,10,2.02,"1021.1Prt.Dn.3"
8,27.1769027709961,1,2.016666667,"0921.3Chk.Up.2"
8,26.9881458282471,1,2.016666667,"0921.3Chk.Up.2"
8,27.1314754486084,1,2.016666667,"0921.3Chk.Up.2"
8,35.1646575927734,10,2.02,"1021.1Prt.Up.1"
8,34.970157623291,10,2.02,"1021.1Prt.Up.1"
8,34.6969337463379,10,2.02,"1021.1Prt.Up.1"
8,36.4056549072266,10,2.02,"1021.1Prt.Up.2"
8,35.7135162353516,10,2.02,"1021.1Prt.Up.2"
8,35.0306663513184,10,2.02,"1021.1Prt.Up.2"
12,34.2574768066406,10,1.603333333,"0122.5Sqm.Up.1"
12,35.6195526123047,10,1.603333333,"0122.5Sqm.Up.1"
12,34.8130340576172,10,1.603333333,"0122.5Sqm.Up.1"
12,35.9334487915039,10,1.603333333,"0122.5Sqm.Up.2"
12,NA,10,1.603333333,"0122.5Sqm.Up.2"
12,34.1429748535156,10,1.603333333,"0122.5Sqm.Up.2"
12,34.7704277038574,10,1.603333333,"0122.5Sqm.Up.3"
12,34.5879745483398,10,1.603333333,"0122.5Sqm.Up.3"
12,NA,10,1.603333333,"0122.5Sqm.Up.3"
12,34.6728782653809,10,2.023333333,"0122.2Brn.Dn.3"
12,35.1120185852051,10,2.023333333,"0122.2Brn.Dn.3"
12,33.4331130981445,10,2.023333333,"0122.2Brn.Dn.3"
12,34.3169097900391,10,1.923333333,"0222.1Prt.Dn.1"
12,33.6635398864746,10,1.923333333,"0222.1Prt.Dn.1"
12,32.2830581665039,10,1.923333333,"0222.1Prt.Dn.1"
12,33.4915504455566,10,1.923333333,"0222.1Prt.Dn.2"
12,35.375,10,1.923333333,"0222.1Prt.Dn.2"
12,34.2854423522949,10,1.923333333,"0222.1Prt.Dn.2"
12,34.5033493041992,10,1.923333333,"0222.1Prt.Dn.3"
12,33.4917678833008,10,1.923333333,"0222.1Prt.Dn.3"
12,33.6583557128906,10,1.923333333,"0222.1Prt.Dn.3"
14,37.0035591125488,10,1.99,"0321.5Sqm.Up.3"
14,36.3820571899414,10,1.99,"0321.5Sqm.Up.3"
14,38.4696426391602,10,1.99,"0321.5Sqm.Up.3"
14,37.503360748291,10,2.01,"0421.3Chk.Up.3"
14,38.3375091552734,10,2.01,"0421.3Chk.Up.3"
14,37.4634094238281,10,2.01,"0421.3Chk.Up.3"
14,35.8671379089355,100,1.97,"0421.1Prt.Dn.3"
14,34.8421173095703,100,1.97,"0421.1Prt.Dn.3"
14,35.062915802002,100,1.97,"0421.1Prt.Dn.3"
14,36.9189186096191,10,2.016666667,"0421.5Sqm.Dn.2"
14,35.9840965270996,10,2.016666667,"0421.5Sqm.Dn.2"
14,35.4639663696289,10,2.016666667,"0421.5Sqm.Dn.2"
14,39.4831809997559,10,1.99,"0321.5Sqm.Dn.3"
14,39.0948715209961,10,1.99,"0321.5Sqm.Dn.3"
14,37.3204650878906,10,1.99,"0321.5Sqm.Dn.3"
15,NA,10,2,"1121.2Brn.Dn.1"
15,38.9788970947266,10,2,"1121.2Brn.Dn.1"
15,38.2844429016113,10,2,"1121.2Brn.Dn.1"
15,36.3938674926758,10,2.016666667,"0421.5Sqm.Dn.3"
15,36.7650756835938,10,2.016666667,"0421.5Sqm.Dn.3"
15,36.226490020752,10,2.016666667,"0421.5Sqm.Dn.3"
15,NA,10,2,"1121.2Brn.Dn.2"
15,36.410701751709,10,2,"1121.2Brn.Dn.2"
15,36.9938850402832,10,2,"1121.2Brn.Dn.2"
15,36.4887351989746,10,2.016666667,"0421.5Sqm.Up.1"
15,34.6436538696289,10,2.016666667,"0421.5Sqm.Up.1"
15,35.4836769104004,10,2.016666667,"0421.5Sqm.Up.1"
15,37.7842903137207,100,2.026666667,"1221.1Prt.Dn.2"
15,37.7020072937012,100,2.026666667,"1221.1Prt.Dn.2"
15,36.8313407897949,100,2.026666667,"1221.1Prt.Dn.2"
15,39.0442161560059,100,2.03,"1221.1Prt.Up.3"
15,NA,100,2.03,"1221.1Prt.Up.3"
15,36.9577789306641,100,2.03,"1221.1Prt.Up.3"
15,37.3287124633789,100,2.02,"1121.1Prt.Up.3"
15,36.5220680236816,100,2.02,"1121.1Prt.Up.3"
15,36.1618232727051,100,2.02,"1121.1Prt.Up.3"
16,38.5139198303223,10,2,"0122.3Chk.Dn.2"
16,38.2027206420898,10,2,"0122.3Chk.Dn.2"
16,37.2288780212402,10,2,"0122.3Chk.Dn.2"
16,35.5644416809082,10,2.023333333,"0122.2Brn.Dn.1"
16,37.6018104553223,10,2.023333333,"0122.2Brn.Dn.1"
16,35.9363059997559,10,2.023333333,"0122.2Brn.Dn.1"
16,NA,10,2.003333333,"1221.5Sqm.Up.3"
16,38.4144668579102,10,2.003333333,"1221.5Sqm.Up.3"
16,36.3137855529785,10,2.003333333,"1221.5Sqm.Up.3"
16,34.8400917053223,10,2,"0122.3Chk.Dn.3"
16,35.7957725524902,10,2,"0122.3Chk.Dn.3"
16,34.7116584777832,10,2,"0122.3Chk.Dn.3"
16,36.0276336669922,10,2.023333333,"1221.5Sqm.Dn.1"
16,34.978199005127,10,2.023333333,"1221.5Sqm.Dn.1"
16,33.8802604675293,10,2.023333333,"1221.5Sqm.Dn.1"
16,35.77001953125,10,2.023333333,"0122.2Brn.Dn.2"
16,36.1736679077148,10,2.023333333,"0122.2Brn.Dn.2"
16,35.1769714355469,10,2.023333333,"0122.2Brn.Dn.2"
16,38.4464225769043,10,2.016666667,"0222.5Sqm.Dn.3"
16,38.3658676147461,10,2.016666667,"0222.5Sqm.Dn.3"
16,NA,10,2.016666667,"0222.5Sqm.Dn.3"
16,34.5620613098145,10,2.023333333,"1221.5Sqm.Dn.2"
16,34.0806083679199,10,2.023333333,"1221.5Sqm.Dn.2"
16,33.3959732055664,10,2.023333333,"1221.5Sqm.Dn.2"
16,36.1358795166016,10,1.996666667,"0122.3Chk.Up.1"
16,37.2528495788574,10,1.996666667,"0122.3Chk.Up.1"
16,37.8605690002441,10,1.996666667,"0122.3Chk.Up.1"
16,34.4766845703125,10,1.976666667,"0122.1Prt.Up.1"
16,33.2400588989258,10,1.976666667,"0122.1Prt.Up.1"
16,32.9012756347656,10,1.976666667,"0122.1Prt.Up.1"
16,NA,10,1.996666667,"0122.3Chk.Up.2"
16,37.4163284301758,10,1.996666667,"0122.3Chk.Up.2"
16,37.5796661376953,10,1.996666667,"0122.3Chk.Up.2"
16,NA,10,2,"0222.5Sqm.Up.1"
16,37.3853988647461,10,2,"0222.5Sqm.Up.1"
16,38.2032928466797,10,2,"0222.5Sqm.Up.1"
16,NA,10,1.996666667,"0122.3Chk.Up.3"
16,37.5121879577637,10,1.996666667,"0122.3Chk.Up.3"
16,39.5427398681641,10,1.996666667,"0122.3Chk.Up.3"
16,35.5197906494141,10,1.976666667,"0122.1Prt.Up.3"
16,33.8975601196289,10,1.976666667,"0122.1Prt.Up.3"
16,33.7476196289062,10,1.976666667,"0122.1Prt.Up.3"
16,35.918140411377,10,1.016666667,"0122.5Sqm.Dn.2"
16,35.2789115905762,10,1.016666667,"0122.5Sqm.Dn.2"
16,36.5872917175293,10,1.016666667,"0122.5Sqm.Dn.2"
17,NA,10,1.983333333,"0222.3Chk.Dn.3"
17,38.5296897888184,10,1.983333333,"0222.3Chk.Dn.3"
17,38.856143951416,10,1.983333333,"0222.3Chk.Dn.3"
17,NA,10,2,"0222.5Sqm.Up.2"
17,39.1162948608398,10,2,"0222.5Sqm.Up.2"
17,39.1855926513672,10,2,"0222.5Sqm.Up.2"
17,NA,10,2.01,"0222.3Chk.Up.2"
17,39.7503852844238,10,2.01,"0222.3Chk.Up.2"
17,38.4538383483887,10,2.01,"0222.3Chk.Up.2"
17,NA,10,2.016666667,"0222.5Sqm.Dn.1"
17,38.364875793457,10,2.016666667,"0222.5Sqm.Dn.1"
17,36.7210502624512,10,2.016666667,"0222.5Sqm.Dn.1"
20,34.2426681518555,1,2.036666667,"0921.4Pad.Dn.3"
20,34.0514183044434,1,2.036666667,"0921.4Pad.Dn.3"
20,33.9777984619141,1,2.036666667,"0921.4Pad.Dn.3"
20,36.8062553405762,1,2.016666667,"1021.4Pad.Up11.1"
20,35.3612899780273,1,2.016666667,"1021.4Pad.Up11.1"
20,35.7982902526855,1,2.016666667,"1021.4Pad.Up11.1"
20,33.0993766784668,1,2.033333333,"0921.4Pad.Up11.2"
20,33.4480400085449,1,2.033333333,"0921.4Pad.Up11.2"
20,34.0955200195312,1,2.033333333,"0921.4Pad.Up11.2"
20,34.0195426940918,1,2.016666667,"1021.4Pad.Up11.2"
20,34.7740325927734,1,2.016666667,"1021.4Pad.Up11.2"
20,33.7077713012695,1,2.016666667,"1021.4Pad.Up11.2"
20,34.3525276184082,1,2.016666667,"1221.4Pad.Up11.1"
20,34.6052513122559,1,2.016666667,"1221.4Pad.Up11.1"
20,34.986156463623,1,2.016666667,"1221.4Pad.Up11.1"
20,NA,1,2.006666667,"0222.4Pad.Dn.1"
20,36.6397590637207,1,2.006666667,"0222.4Pad.Dn.1"
20,36.6755561828613,1,2.006666667,"0222.4Pad.Dn.1"
20,37.5278205871582,1,2.006666667,"1021.4Pad.Dn.1"
20,37.7426795959473,1,2.006666667,"1021.4Pad.Dn.1"
20,36.8059120178223,1,2.006666667,"1021.4Pad.Dn.1"
20,36.2932548522949,1,2.006666667,"0222.4Pad.Dn.2"
20,35.7419853210449,1,2.006666667,"0222.4Pad.Dn.2"
20,36.0205841064453,1,2.006666667,"0222.4Pad.Dn.2"
20,36.4504089355469,1,2.006666667,"1021.4Pad.Dn.3"
20,37.0453567504883,1,2.006666667,"1021.4Pad.Dn.3"
20,36.641845703125,1,2.006666667,"1021.4Pad.Dn.3"
23,35.909782409668,100,2,"0321.1Prt.Up.1"
23,37.8148765563965,100,2,"0321.1Prt.Up.1"
23,36.2853355407715,100,2,"0321.1Prt.Up.1"
23,32.2794036865234,1,2.013333333,"1021.3Chk.Up.3"
23,31.9139213562012,1,2.013333333,"1021.3Chk.Up.3"
23,31.968729019165,1,2.013333333,"1021.3Chk.Up.3"
23,31.983154296875,10,2.04,"0721.2Brn.Dn.3"
23,31.4709720611572,10,2.04,"0721.2Brn.Dn.3"
23,31.1586399078369,10,2.04,"0721.2Brn.Dn.3"
23,34.3082618713379,10,2.02,"0421.1Prt.Up.3"
23,35.8078727722168,10,2.02,"0421.1Prt.Up.3"
23,33.7606048583984,10,2.02,"0421.1Prt.Up.3"
23,35.2667694091797,1,2.02,"1021.5Sqm.Dn.1"
23,34.1925468444824,1,2.02,"1021.5Sqm.Dn.1"
23,33.0961799621582,1,2.02,"1021.5Sqm.Dn.1"
23,32.5200614929199,10,2.023333333,"0821.1Prt.Dn.1"
23,32.7583618164062,10,2.023333333,"0821.1Prt.Dn.1"
23,32.7527770996094,10,2.023333333,"0821.1Prt.Dn.1"
23,32.9595031738281,10,2.03,"1121.1Prt.Dn.3"
23,33.2150917053223,10,2.03,"1121.1Prt.Dn.3"
23,32.8409233093262,10,2.03,"1121.1Prt.Dn.3"
23,34.0969123840332,10,2.016666667,"0421.5Sqm.Up.2"
23,33.9784965515137,10,2.016666667,"0421.5Sqm.Up.2"
23,34.6818389892578,10,2.016666667,"0421.5Sqm.Up.2"
23,30.7729644775391,1,2.023333333,"1021.3Chk.Dn.1"
23,30.7266597747803,1,2.023333333,"1021.3Chk.Dn.1"
23,30.8012847900391,1,2.023333333,"1021.3Chk.Dn.1"
23,33.2408905029297,10,2.026666667,"1221.1Prt.Dn.1"
23,34.136287689209,10,2.026666667,"1221.1Prt.Dn.1"
23,33.4498901367188,10,2.026666667,"1221.1Prt.Dn.1"
23,32.437255859375,10,2.023333333,"0821.1Prt.Dn.2"
23,32.8005867004395,10,2.023333333,"0821.1Prt.Dn.2"
23,32.7264099121094,10,2.023333333,"0821.1Prt.Dn.2"
23,36.5750350952148,1,2.023333333,"1021.3Chk.Dn.2"
23,34.951114654541,1,2.023333333,"1021.3Chk.Dn.2"
23,34.1765670776367,1,2.023333333,"1021.3Chk.Dn.2"
23,33.1790885925293,10,2.016666667,"0421.5Sqm.Up.3"
23,34.0865211486816,10,2.016666667,"0421.5Sqm.Up.3"
23,36.0073204040527,10,2.016666667,"0421.5Sqm.Up.3"
23,30.4610424041748,1,2.023333333,"1021.3Chk.Dn.3"
23,30.978536605835,1,2.023333333,"1021.3Chk.Dn.3"
23,30.7497692108154,1,2.023333333,"1021.3Chk.Dn.3"
23,35.9022254943848,10,1.99,"0321.5Sqm.Dn.1"
23,35.6930618286133,10,1.99,"0321.5Sqm.Dn.1"
23,34.3670959472656,10,1.99,"0321.5Sqm.Dn.1"
23,32.5657424926758,10,2.023333333,"0821.1Prt.Dn.3"
23,33.1071357727051,10,2.023333333,"0821.1Prt.Dn.3"
23,32.8283348083496,10,2.023333333,"0821.1Prt.Dn.3"
23,31.751766204834,1,2.013333333,"1021.3Chk.Up.1"
23,31.5663909912109,1,2.013333333,"1021.3Chk.Up.1"
23,32.0868835449219,1,2.013333333,"1021.3Chk.Up.1"
23,34.7076683044434,10,2.016666667,"0421.5Sqm.Dn.1"
23,34.2610626220703,10,2.016666667,"0421.5Sqm.Dn.1"
23,33.8483200073242,10,2.016666667,"0421.5Sqm.Dn.1"
23,30.1633319854736,1,2.013333333,"1021.3Chk.Up.2"
23,30.3218879699707,1,2.013333333,"1021.3Chk.Up.2"
23,30.4575576782227,1,2.013333333,"1021.3Chk.Up.2"
23,33.4223365783691,10,2.02,"0721.1Prt.Dn.1"
23,33.721492767334,10,2.02,"0721.1Prt.Dn.1"
23,33.6892738342285,10,2.02,"0721.1Prt.Dn.1"
21,35.5183868408203,10,2.01,"0821.4Pad.Dn.3"
21,35.6185531616211,10,2.01,"0821.4Pad.Dn.3"
21,36.6921768188477,10,2.01,"0821.4Pad.Dn.3"
21,35.2511749267578,10,2,"0821.4Pad.Up11.3"
21,35.7093963623047,10,2,"0821.4Pad.Up11.3"
21,36.6339569091797,10,2,"0821.4Pad.Up11.3"
21,37.0130882263184,1,2.006666667,"0222.4Pad.Up11.2"
21,35.5709953308105,1,2.006666667,"0222.4Pad.Up11.2"
21,36.0531349182129,1,2.006666667,"0222.4Pad.Up11.2"
21,36.0334320068359,1,2.006666667,"0222.4Pad.Up11.3"
21,36.0355033874512,1,2.006666667,"0222.4Pad.Up11.3"
21,37.1599502563477,1,2.006666667,"0222.4Pad.Up11.3"
21,34.4944000244141,10,2.033333333,"0921.4Pad.Up11.3"
21,34.59130859375,10,2.033333333,"0921.4Pad.Up11.3"
21,35.3554534912109,10,2.033333333,"0921.4Pad.Up11.3"
21,NA,1,1.996666667,"0222.4Pad.Up5.2"
21,37.9410972595215,1,1.996666667,"0222.4Pad.Up5.2"
21,38.1050262451172,1,1.996666667,"0222.4Pad.Up5.2"
21,37.2365570068359,1,1.996666667,"0222.4Pad.Up5.3"
21,37.7475166320801,1,1.996666667,"0222.4Pad.Up5.3"
21,NA,1,1.996666667,"0222.4Pad.Up5.3"
21,NA,10,2.01,"0721.4Pad.Dn.2"
21,35.1915550231934,10,2.01,"0721.4Pad.Dn.2"
21,35.613410949707,10,2.01,"0721.4Pad.Dn.2"
21,34.9712104797363,10,2.01,"0521.4Pad.Up11.2"
21,34.8002128601074,10,2.01,"0521.4Pad.Up11.2"
21,34.1052093505859,10,2.01,"0521.4Pad.Up11.2"
21,34.5910606384277,10,2.01,"0521.4Pad.Up11.3"
21,36.5246429443359,10,2.01,"0521.4Pad.Up11.3"
21,34.8766441345215,10,2.01,"0521.4Pad.Up11.3"
22,36.7140464782715,10,2.016666667,"1221.4Pad.Up11.3"
22,38.9827995300293,10,2.016666667,"1221.4Pad.Up11.3"
22,38.6503448486328,10,2.016666667,"1221.4Pad.Up11.3"
22,36.9604301452637,10,2.013333333,"1221.4Pad.Up5.1"
22,37.7044334411621,10,2.013333333,"1221.4Pad.Up5.1"
22,36.3879623413086,10,2.013333333,"1221.4Pad.Up5.1"
22,38.3254737854004,10,2.013333333,"1221.4Pad.Up5.2"
22,38.4941139221191,10,2.013333333,"1221.4Pad.Up5.2"
22,NA,10,2.013333333,"1221.4Pad.Up5.2"
22,37.4004936218262,10,2.036666667,"1221.4Pad.Dn.1"
22,37.5362586975098,10,2.036666667,"1221.4Pad.Dn.1"
22,38.3282165527344,10,2.036666667,"1221.4Pad.Dn.1"
22,38.8581085205078,10,2.04,"0122.4Pad.Dn.2"
22,38.8791351318359,10,2.04,"0122.4Pad.Dn.2"
22,NA,10,2.04,"0122.4Pad.Dn.2"
22,NA,10,2.016666667,"1221.4Pad.Up11.2"
22,38.6232032775879,10,2.016666667,"1221.4Pad.Up11.2"
22,38.9247055053711,10,2.016666667,"1221.4Pad.Up11.2"
24,33.7913436889648,10,2.033333333,"0621.2Brn.Dn.3"
24,34.4105224609375,10,2.033333333,"0621.2Brn.Dn.3"
24,34.4582481384277,10,2.033333333,"0621.2Brn.Dn.3"
24,39.3505592346191,10,2,"0122.3Chk.Dn.1"
24,37.9934043884277,10,2,"0122.3Chk.Dn.1"
24,NA,10,2,"0122.3Chk.Dn.1"
24,34.5801429748535,10,1.016666667,"0122.5Sqm.Dn.3"
24,36.3689498901367,10,1.016666667,"0122.5Sqm.Dn.3"
24,35.4222869873047,10,1.016666667,"0122.5Sqm.Dn.3"
24,37.3482971191406,10,2.003333333,"1221.5Sqm.Up.1"
24,38.150074005127,10,2.003333333,"1221.5Sqm.Up.1"
24,37.7157592773438,10,2.003333333,"1221.5Sqm.Up.1"
24,39.0773696899414,10,1.233333333,"1121.4Pad.Up5.2"
24,NA,10,1.233333333,"1121.4Pad.Up5.2"
24,37.9036064147949,10,1.233333333,"1121.4Pad.Up5.2"
24,36.8706245422363,10,2.01,"0821.4Pad.Dn.2"
24,38.4123306274414,10,2.01,"0821.4Pad.Dn.2"
24,NA,10,2.01,"0821.4Pad.Dn.2"
18,34.9462852478027,1,1.96,"0321.4Pad.Dn.1"
18,34.4991989135742,1,1.96,"0321.4Pad.Dn.1"
18,34.6397285461426,1,1.96,"0321.4Pad.Dn.1"
18,37.1173706054688,5,2.01,"0421.4Pad.Up5.2"
18,35.7338752746582,5,2.01,"0421.4Pad.Up5.2"
18,35.595458984375,5,2.01,"0421.4Pad.Up5.2"
18,35.8115310668945,1,1.98,"0321.4Pad.Dn.2"
18,35.445915222168,1,1.98,"0321.4Pad.Dn.2"
18,35.3977890014648,1,1.98,"0321.4Pad.Dn.2"
18,36.2004508972168,14,2.04,"0421.4Pad.Dn.1"
18,36.0546607971191,14,2.04,"0421.4Pad.Dn.1"
18,36.643440246582,14,2.04,"0421.4Pad.Dn.1"
18,37.6491737365723,5,2.01,"0421.4Pad.Up5.3"
18,38.2823181152344,5,2.01,"0421.4Pad.Up5.3"
18,NA,5,2.01,"0421.4Pad.Up5.3"
18,36.937614440918,14,2.02,"0421.4Pad.Dn.2"
18,36.923267364502,14,2.02,"0421.4Pad.Dn.2"
18,37.4629516601562,14,2.02,"0421.4Pad.Dn.2"
18,36.5964546203613,10,2.013333333,"0521.4Pad.Dn.1"
18,35.9838180541992,10,2.013333333,"0521.4Pad.Dn.1"
18,35.9568862915039,10,2.013333333,"0521.4Pad.Dn.1"
18,36.1199913024902,4,2.03,"0421.4Pad.Dn.3"
18,36.2706298828125,4,2.03,"0421.4Pad.Dn.3"
18,36.0414047241211,4,2.03,"0421.4Pad.Dn.3"
18,NA,4,2,"0321.4Pad.Up11.2"
18,39.7767715454102,4,2,"0321.4Pad.Up11.2"
18,39.5330581665039,4,2,"0321.4Pad.Up11.2"
18,34.8740196228027,1,2.016666667,"0421.4Pad.Up11.1"
18,35.628116607666,1,2.016666667,"0421.4Pad.Up11.1"
18,35.088321685791,1,2.016666667,"0421.4Pad.Up11.1"
18,32.7667808532715,2,2.013333333,"0521.4Pad.Dn.3"
18,33.2753143310547,2,2.013333333,"0521.4Pad.Dn.3"
18,33.1637687683105,2,2.013333333,"0521.4Pad.Dn.3"
18,37.4620552062988,1,1.99,"0321.4Pad.Up11.3"
18,NA,1,1.99,"0321.4Pad.Up11.3"
18,36.8234367370605,1,1.99,"0321.4Pad.Up11.3"
18,35.0967979431152,1,2.016666667,"0421.4Pad.Up11.2"
18,35.076473236084,1,2.016666667,"0421.4Pad.Up11.2"
18,36.0218162536621,1,2.016666667,"0421.4Pad.Up11.2"
18,36.2534980773926,1,2.01,"0521.4Pad.Up11.1"
18,36.9478492736816,1,2.01,"0521.4Pad.Up11.1"
18,35.7288551330566,1,2.01,"0521.4Pad.Up11.1"
18,38.2393417358398,14,2.016666667,"0421.4Pad.Up11.3"
18,39.1631393432617,14,2.016666667,"0421.4Pad.Up11.3"
18,37.0071983337402,14,2.016666667,"0421.4Pad.Up11.3"
18,37.4876136779785,1,2.01,"0421.4Pad.Up5.1"
18,35.9815864562988,1,2.01,"0421.4Pad.Up5.1"
18,35.2535133361816,1,2.01,"0421.4Pad.Up5.1"
19,34.6430282592773,1,2,"0821.4Pad.Up11.2"
19,34.8712997436523,1,2,"0821.4Pad.Up11.2"
19,34.746753692627,1,2,"0821.4Pad.Up11.2"
19,33.5826263427734,1,2.023333333,"0621.4Pad.Dn.1"
19,33.4203643798828,1,2.023333333,"0621.4Pad.Dn.1"
19,33.4421997070312,1,2.023333333,"0621.4Pad.Dn.1"
19,32.9951820373535,1,2.023333333,"0721.4Pad.Up11.1"
19,32.7652740478516,1,2.023333333,"0721.4Pad.Up11.1"
19,32.8677177429199,1,2.023333333,"0721.4Pad.Up11.1"
19,33.667667388916,1,2.023333333,"0621.4Pad.Dn.2"
19,33.65625,1,2.023333333,"0621.4Pad.Dn.2"
19,33.4539566040039,1,2.023333333,"0621.4Pad.Dn.2"
19,34.0261077880859,1,2.023333333,"0621.4Pad.Dn.3"
19,34.029411315918,1,2.023333333,"0621.4Pad.Dn.3"
19,33.5807571411133,1,2.023333333,"0621.4Pad.Dn.3"
19,32.6512641906738,1,2.023333333,"0721.4Pad.Up11.3"
19,32.9086151123047,1,2.023333333,"0721.4Pad.Up11.3"
19,32.5132255554199,1,2.023333333,"0721.4Pad.Up11.3"
19,36.9228172302246,1,2.006666667,"0621.4Pad.Up11.1"
19,36.2387275695801,1,2.006666667,"0621.4Pad.Up11.1"
19,35.7278671264648,1,2.006666667,"0621.4Pad.Up11.1"
19,35.6358032226562,1,2.036666667,"0921.4Pad.Dn.1"
19,35.2938613891602,1,2.036666667,"0921.4Pad.Dn.1"
19,34.7525100708008,1,2.036666667,"0921.4Pad.Dn.1"
19,31.9765110015869,1,2.006666667,"0621.4Pad.Up11.2"
19,32.1306571960449,1,2.006666667,"0621.4Pad.Up11.2"
19,32.1260032653809,1,2.006666667,"0621.4Pad.Up11.2"
19,35.5490875244141,1,2.036666667,"0921.4Pad.Dn.2"
19,34.245906829834,1,2.036666667,"0921.4Pad.Dn.2"
19,35.9668960571289,1,2.036666667,"0921.4Pad.Dn.2"
19,33.6176223754883,1,2.01,"0721.4Pad.Dn.1"
19,33.4277267456055,1,2.01,"0721.4Pad.Dn.1"
19,33.7770080566406,1,2.01,"0721.4Pad.Dn.1"
19,35.2137718200684,1,2,"0821.4Pad.Up11.1"
19,34.9702262878418,1,2,"0821.4Pad.Up11.1"
19,34.4343605041504,1,2,"0821.4Pad.Up11.1"
25,39.3866004943848,100,2.013333333,"0821.1Prt.Up.2"
25,39.2162780761719,100,2.013333333,"0821.1Prt.Up.2"
25,37.3959808349609,100,2.013333333,"0821.1Prt.Up.2"
25,37.1339073181152,10,2.013333333,"0521.4Pad.Dn.2"
25,36.3658828735352,10,2.013333333,"0521.4Pad.Dn.2"
25,37.0429878234863,10,2.013333333,"0521.4Pad.Dn.2"
25,33.9122886657715,1,2.01,"0721.4Pad.Dn.3"
25,34.310546875,1,2.01,"0721.4Pad.Dn.3"
25,34.1916961669922,1,2.01,"0721.4Pad.Dn.3"
13,35.5135879516602,1,1.983333333,"0222.3Chk.Dn.1"
13,36.5223236083984,1,1.983333333,"0222.3Chk.Dn.1"
13,35.5012702941895,1,1.983333333,"0222.3Chk.Dn.1"
13,34.2235641479492,1,2.01,"0222.2Brn.Dn.1"
13,35.3123245239258,1,2.01,"0222.2Brn.Dn.1"
13,36.258113861084,1,2.01,"0222.2Brn.Dn.1"
13,33.0003395080566,1,2.01,"0222.2Brn.Dn.2"
13,32.8605995178223,1,2.01,"0222.2Brn.Dn.2"
13,33.6989288330078,1,2.01,"0222.2Brn.Dn.2"
13,36.0009956359863,1,2.01,"0222.2Brn.Dn.3"
13,36.1946029663086,1,2.01,"0222.2Brn.Dn.3"
13,37.619197845459,1,2.01,"0222.2Brn.Dn.3"
26,37.0273628234863,100,2.013333333,"0721.1Prt.Up.1"
26,37.3767738342285,100,2.013333333,"0721.1Prt.Up.1"
26,37.4316482543945,100,2.013333333,"0721.1Prt.Up.1"
26,37.595458984375,100,2.026666667,"0122.1Prt.Dn.1"
26,NA,100,2.026666667,"0122.1Prt.Dn.1"
26,38.1697235107422,100,2.026666667,"0122.1Prt.Dn.1"
26,34.9779853820801,100,2.01,"0521.2Brn.Dn.1"
26,34.8649787902832,100,2.01,"0521.2Brn.Dn.1"
26,34.6014595031738,100,2.01,"0521.2Brn.Dn.1"
26,38.1498565673828,100,2.013333333,"0721.1Prt.Up.3"
26,37.0749397277832,100,2.013333333,"0721.1Prt.Up.3"
26,35.764232635498,100,2.013333333,"0721.1Prt.Up.3"
26,38.7602005004883,100,2.026666667,"0122.1Prt.Dn.2"
26,38.6383934020996,100,2.026666667,"0122.1Prt.Dn.2"
26,38.8284912109375,100,2.026666667,"0122.1Prt.Dn.2"
26,31.6990814208984,10,2.04,"0721.2Brn.Dn.2"
26,32.4497222900391,10,2.04,"0721.2Brn.Dn.2"
26,32.1205215454102,10,2.04,"0721.2Brn.Dn.2"
26,38.676628112793,10,2.003333333,"1221.5Sqm.Up.2"
26,38.4643096923828,10,2.003333333,"1221.5Sqm.Up.2"
26,37.3572387695312,10,2.003333333,"1221.5Sqm.Up.2"
26,34.5520477294922,10,2.02,"0721.1Prt.Dn.2"
26,34.9153518676758,10,2.02,"0721.1Prt.Dn.2"
26,34.9205627441406,10,2.02,"0721.1Prt.Dn.2"
26,29.1949081420898,10,2.016666667,"0921.3Chk.Up.3"
26,29.225435256958,10,2.016666667,"0921.3Chk.Up.3"
26,29.2091579437256,10,2.016666667,"0921.3Chk.Up.3"
26,30.8220252990723,10,1.55,"0721.5Sqm.Dn.2"
26,30.8427257537842,10,1.55,"0721.5Sqm.Dn.2"
26,30.9247035980225,10,1.55,"0721.5Sqm.Dn.2"
26,34.5789604187012,10,2.02,"0721.1Prt.Dn.3"
26,35.1125526428223,10,2.02,"0721.1Prt.Dn.3"
26,34.3118591308594,10,2.02,"0721.1Prt.Dn.3"
27,36.2245025634766,10,1.016666667,"0122.5Sqm.Dn.1"
27,37.5860900878906,10,1.016666667,"0122.5Sqm.Dn.1"
27,37.2562103271484,10,1.016666667,"0122.5Sqm.Dn.1"
27,34.2165603637695,20,2,"0222.1Prt.Up.2"
27,34.2649307250977,20,2,"0222.1Prt.Up.2"
27,34.6444969177246,20,2,"0222.1Prt.Up.2"
27,35.2985000610352,20,2,"0222.1Prt.Up.3"
27,34.7691841125488,20,2,"0222.1Prt.Up.3"
27,34.9027252197266,20,2,"0222.1Prt.Up.3"
28,37.077808380127,100,2.02,"0421.1Prt.Up.1"
28,36.7246551513672,100,2.02,"0421.1Prt.Up.1"
28,NA,100,2.02,"0421.1Prt.Up.1"
28,30.0501251220703,10,1.55,"0721.5Sqm.Dn.3"
28,29.7574596405029,10,1.55,"0721.5Sqm.Dn.3"
28,30.1440849304199,10,1.55,"0721.5Sqm.Dn.3"
28,36.1550788879395,10,1.96,"0321.5Sqm.Up.2"
28,35.5636978149414,10,1.96,"0321.5Sqm.Up.2"
28,34.5822639465332,10,1.96,"0321.5Sqm.Up.2"
28,35.5373573303223,10,2.026666667,"0421.3Chk.Dn.1"
28,34.9151573181152,10,2.026666667,"0421.3Chk.Dn.1"
28,35.5019187927246,10,2.026666667,"0421.3Chk.Dn.1"
28,37.2339057922363,100,2.02,"1121.1Prt.Up.1"
28,36.1012992858887,100,2.02,"1121.1Prt.Up.1"
28,37.3401222229004,100,2.02,"1121.1Prt.Up.1"
28,NA,10,2.026666667,"0421.3Chk.Dn.2"
28,37.4831619262695,10,2.026666667,"0421.3Chk.Dn.2"
28,38.6250762939453,10,2.026666667,"0421.3Chk.Dn.2"
28,31.193078994751,10,2.026666667,"0621.3Chk.Up.2"
28,31.5742473602295,10,2.026666667,"0621.3Chk.Up.2"
28,31.4545783996582,10,2.026666667,"0621.3Chk.Up.2"
28,34.8311653137207,100,2.02,"1121.1Prt.Up.2"
28,35.9706115722656,100,2.02,"1121.1Prt.Up.2"
28,36.2901992797852,100,2.02,"1121.1Prt.Up.2"
28,36.675952911377,10,2.01,"0421.3Chk.Up.1"
28,37.2066192626953,10,2.01,"0421.3Chk.Up.1"
28,38.3575744628906,10,2.01,"0421.3Chk.Up.1"
28,31.2729644775391,10,2.026666667,"0621.3Chk.Up.3"
28,31.6817398071289,10,2.026666667,"0621.3Chk.Up.3"
28,31.358959197998,10,2.026666667,"0621.3Chk.Up.3"
28,35.4891204833984,100,2.023333333,"0621.5Sqm.Dn.3"
28,35.4215278625488,100,2.023333333,"0621.5Sqm.Dn.3"
28,34.0899810791016,100,2.023333333,"0621.5Sqm.Dn.3"
29,32.6365432739258,10,2.013333333,"1121.5Sqm.Dn.2"
29,34.4050712585449,10,2.013333333,"1121.5Sqm.Dn.2"
29,32.4791374206543,10,2.013333333,"1121.5Sqm.Dn.2"
29,33.6799087524414,10,2.013333333,"1021.5Sqm.Up.2"
29,33.8728904724121,10,2.013333333,"1021.5Sqm.Up.2"
29,NA,10,2.013333333,"1021.5Sqm.Up.2"
29,33.1248893737793,100,2.03,"1221.1Prt.Up.1"
29,34.5184135437012,100,2.03,"1221.1Prt.Up.1"
29,33.6050834655762,100,2.03,"1221.1Prt.Up.1"
29,32.3769378662109,10,2.013333333,"1121.5Sqm.Dn.3"
29,32.8070182800293,10,2.013333333,"1121.5Sqm.Dn.3"
29,NA,10,2.013333333,"1121.5Sqm.Dn.3"
29,NA,10,1.513333333,"0821.5Sqm.Dn.1"
29,29.3569393157959,10,1.513333333,"0821.5Sqm.Dn.1"
29,30.3572540283203,10,1.513333333,"0821.5Sqm.Dn.1"
29,32.113353729248,100,2.03,"1121.1Prt.Dn.1"
29,33.5620155334473,100,2.03,"1121.1Prt.Dn.1"
29,31.8282928466797,100,2.03,"1121.1Prt.Dn.1"
29,NA,10,2.03,"1121.5Sqm.Up.1"
29,34.4450302124023,10,2.03,"1121.5Sqm.Up.1"
29,34.4787330627441,10,2.03,"1121.5Sqm.Up.1"
29,31.1798877716064,10,1.513333333,"0821.5Sqm.Dn.2"
29,30.5303077697754,10,1.513333333,"0821.5Sqm.Dn.2"
29,29.9889850616455,10,1.513333333,"0821.5Sqm.Dn.2"
29,33.5386276245117,10,2.03,"1121.5Sqm.Up.3"
29,NA,10,2.03,"1121.5Sqm.Up.3"
29,33.6642265319824,10,2.03,"1121.5Sqm.Up.3"
29,NA,10,2.01,"1121.3Chk.Up.3"
29,34.3431015014648,10,2.01,"1121.3Chk.Up.3"
29,35.3578796386719,10,2.01,"1121.3Chk.Up.3"
29,34.1886863708496,10,2.013333333,"1121.5Sqm.Dn.1"
29,33.7189636230469,10,2.013333333,"1121.5Sqm.Dn.1"
29,33.6383514404297,10,2.013333333,"1121.5Sqm.Dn.1"
29,33.6257019042969,100,1.976666667,"0122.1Prt.Up.2"
29,34.5204124450684,100,1.976666667,"0122.1Prt.Up.2"
29,NA,100,1.976666667,"0122.1Prt.Up.2"
29,35.8138771057129,100,2.026666667,"1221.1Prt.Dn.3"
29,NA,100,2.026666667,"1221.1Prt.Dn.3"
29,36.0800476074219,100,2.026666667,"1221.1Prt.Dn.3"
29,33.3350105285645,100,2.02,"0921.1Prt.Up.2"
29,33.110481262207,100,2.02,"0921.1Prt.Up.2"
29,NA,100,2.02,"0921.1Prt.Up.2"
30,36.569694519043,10,2.006666667,"0621.4Pad.Up11.3"
30,36.1825790405273,10,2.006666667,"0621.4Pad.Up11.3"
30,35.9250259399414,10,2.006666667,"0621.4Pad.Up11.3"
30,37.9491729736328,10,2.01,"0321.4Pad.Up11.1"
30,NA,10,2.01,"0321.4Pad.Up11.1"
30,39.2858428955078,10,2.01,"0321.4Pad.Up11.1"
98,35.9747772216797,10,2,"0422.1Prt.Dn.1"
98,36.1194648742676,10,2,"0422.1Prt.Dn.1"
98,35.7748603820801,10,2,"0422.1Prt.Dn.1"
98,36.464038848877,1,2,"0422.4Pad.Dn.3"
98,35.6753044128418,1,2,"0422.4Pad.Dn.3"
98,35.2295570373535,1,2,"0422.4Pad.Dn.3"
98,38.7098503112793,10,1.76,"0422.5Sqm.Dn.2"
98,37.6722412109375,10,1.76,"0422.5Sqm.Dn.2"
98,37.2907257080078,10,1.76,"0422.5Sqm.Dn.2"
98,36.5989227294922,1,2,"0322.4Pad.Up11.1"
98,34.5012741088867,1,2,"0322.4Pad.Up11.1"
98,35.940559387207,1,2,"0322.4Pad.Up11.1"
98,36.7875289916992,10,2,"0422.1Prt.Dn.2"
98,38.4415092468262,10,2,"0422.1Prt.Dn.2"
98,37.6795349121094,10,2,"0422.1Prt.Dn.2"
98,35.1699981689453,1,2,"0422.4Pad.Up11.1"
98,34.0165138244629,1,2,"0422.4Pad.Up11.1"
98,35.1814918518066,1,2,"0422.4Pad.Up11.1"
98,37.06494140625,100,2,"0322.1Prt.Dn.3"
98,38.6133232116699,100,2,"0322.1Prt.Dn.3"
98,37.6491889953613,100,2,"0322.1Prt.Dn.3"
98,35.1020050048828,10,2,"0422.1Prt.Dn.3"
98,34.6173210144043,10,2,"0422.1Prt.Dn.3"
98,34.7787971496582,10,2,"0422.1Prt.Dn.3"
98,34.9769592285156,1,2,"0422.4Pad.Up11.2"
98,34.0354652404785,1,2,"0422.4Pad.Up11.2"
98,34.3184280395508,1,2,"0422.4Pad.Up11.2"
98,37.584300994873,10,1.916666667,"0422.5Sqm.Up.1"
98,35.9881324768066,10,1.916666667,"0422.5Sqm.Up.1"
98,36.9816284179688,10,1.916666667,"0422.5Sqm.Up.1"
98,35.9077110290527,10,2,"0422.1Prt.Up.1"
98,35.0109252929688,10,2,"0422.1Prt.Up.1"
98,34.722728729248,10,2,"0422.1Prt.Up.1"
98,39.033576965332,1,2,"0422.4Pad.Up11.3"
98,37.1520004272461,1,2,"0422.4Pad.Up11.3"
98,36.574535369873,1,2,"0422.4Pad.Up11.3"
98,36.658260345459,10,1.916666667,"0422.5Sqm.Up.2"
98,37.2109642028809,10,1.916666667,"0422.5Sqm.Up.2"
98,36.4591102600098,10,1.916666667,"0422.5Sqm.Up.2"
98,35.8583335876465,10,2,"0422.1Prt.Up.2"
98,34.4016227722168,10,2,"0422.1Prt.Up.2"
98,33.8174896240234,10,2,"0422.1Prt.Up.2"
98,35.002124786377,1,2,"0422.4Pad.Up5.1"
98,36.0521392822266,1,2,"0422.4Pad.Up5.1"
98,34.5765075683594,1,2,"0422.4Pad.Up5.1"
98,36.7120628356934,10,1.916666667,"0422.5Sqm.Up.3"
98,36.8364448547363,10,1.916666667,"0422.5Sqm.Up.3"
98,37.2740821838379,10,1.916666667,"0422.5Sqm.Up.3"
98,37.7154998779297,1,2,"0322.4Pad.Up5.2"
98,37.9116134643555,1,2,"0322.4Pad.Up5.2"
98,38.5483207702637,1,2,"0322.4Pad.Up5.2"
98,NA,10,2,"0322.5Sqm.Dn.1"
98,37.8914756774902,10,2,"0322.5Sqm.Dn.1"
98,35.3357963562012,10,2,"0422.1Prt.Up.3"
98,34.6080551147461,10,2,"0422.1Prt.Up.3"
98,34.9307060241699,10,2,"0422.1Prt.Up.3"
98,35.2108268737793,10,2,"0422.1Prt.Dn.1"
98,35.3191108703613,10,2,"0422.1Prt.Dn.1"
98,35.9582824707031,10,2,"0422.1Prt.Dn.1"
98,37.9940071105957,10,2,"0322.5Sqm.Dn.1"
98,NA,10,2,"0322.5Sqm.Dn.1"
98,35.0260963439941,1,2,"0422.4Pad.Dn.1"
98,35.3893241882324,1,2,"0422.4Pad.Dn.1"
98,35.0531730651855,1,2,"0422.4Pad.Dn.1"
98,35.3906288146973,1,2,"0422.4Pad.Up5.3"
98,34.3420791625977,1,2,"0422.4Pad.Up5.3"
98,35.4027824401855,1,2,"0422.4Pad.Up5.3"
98,35.9228134155273,10,2,"0422.1Prt.Dn.1"
98,37.4479637145996,10,2,"0422.1Prt.Dn.1"
98,37.3959274291992,10,2,"0422.1Prt.Dn.1"
98,38.2212219238281,10,2,"0322.5Sqm.Dn.1"
98,NA,10,2,"0322.5Sqm.Dn.1"
98,36.9405670166016,1,2,"0422.4Pad.Dn.2"
98,NA,1,2,"0422.4Pad.Dn.2"
98,37.0528602600098,1,2,"0422.4Pad.Dn.2"
98,38.0380859375,10,1.76,"0422.5Sqm.Dn.1"
98,38.9480094909668,10,1.76,"0422.5Sqm.Dn.1"
98,38.6732368469238,10,1.76,"0422.5Sqm.Dn.1"
98,34.0116233825684,10,2,"0522.1Prt.Dn.1"
98,33.3162498474121,10,2,"0522.1Prt.Dn.1"
98,34.253791809082,10,2,"0522.1Prt.Dn.1"
98,34.6553421020508,1,2,"0522.4Pad.Dn.3"
98,34.6469993591309,1,2,"0522.4Pad.Dn.3"
98,35.2166061401367,1,2,"0522.4Pad.Dn.3"
98,36.6226463317871,10,2,"0522.5Sqm.Dn.2"
98,36.8180999755859,10,2,"0522.5Sqm.Dn.2"
98,37.3102569580078,10,2,"0522.5Sqm.Dn.2"
98,34.9980278015137,100,1.45,"0622.1Prt.Dn.1"
98,34.8952293395996,100,1.45,"0622.1Prt.Dn.1"
98,34.4556159973145,100,1.45,"0622.1Prt.Dn.1"
98,38.7030601501465,10,2,"0622.4Pad.Dn.3"
98,36.4413375854492,10,2,"0622.4Pad.Dn.3"
98,37.296070098877,10,2,"0622.4Pad.Dn.3"
98,38.6067581176758,10,0.85,"0622.5Sqm.Dn.2"
98,37.0360527038574,10,0.85,"0622.5Sqm.Dn.2"
98,37.7260322570801,10,0.85,"0622.5Sqm.Dn.2"
98,34.2304611206055,10,2,"0522.1Prt.Dn.2"
98,33.6196937561035,10,2,"0522.1Prt.Dn.2"
98,34.137767791748,10,2,"0522.1Prt.Dn.2"
98,NA,10,2,"0522.4Pad.Up11.1"
98,38.882080078125,10,2,"0522.4Pad.Up11.1"
98,36.9901580810547,10,2,"0522.4Pad.Up11.1"
98,NA,10,2,"0522.5Sqm.Dn.3"
98,38.1472358703613,10,2,"0522.5Sqm.Dn.3"
98,38.2787551879883,10,2,"0522.5Sqm.Dn.3"
98,39.0699996948242,100,1.5,"0622.1Prt.Dn.2"
98,37.4185600280762,100,1.5,"0622.1Prt.Dn.2"
98,37.6157989501953,100,1.5,"0622.1Prt.Dn.2"
98,36.8023300170898,10,2,"0622.4Pad.Up11.1"
98,34.7524299621582,10,2,"0622.4Pad.Up11.1"
98,36.2043609619141,10,2,"0622.4Pad.Up11.1"
98,36.7448272705078,10,0.85,"0622.5Sqm.Dn.3"
98,36.1680335998535,10,0.85,"0622.5Sqm.Dn.3"
98,35.9596214294434,10,0.85,"0622.5Sqm.Dn.3"
98,34.9083633422852,10,2,"0522.1Prt.Dn.3"
98,34.8217658996582,10,2,"0522.1Prt.Dn.3"
98,35.6407241821289,10,2,"0522.1Prt.Dn.3"
98,34.2531280517578,1,2,"0522.4Pad.Up11.2"
98,35.1224403381348,1,2,"0522.4Pad.Up11.2"
98,34.9857444763184,1,2,"0522.4Pad.Up11.2"
98,36.6740570068359,10,2,"0522.5Sqm.Up.1"
98,36.4714698791504,10,2,"0522.5Sqm.Up.1"
98,36.7071762084961,10,2,"0522.5Sqm.Up.1"
98,35.4449768066406,100,1.6,"0622.1Prt.Dn.3"
98,35.6261520385742,100,1.6,"0622.1Prt.Dn.3"
98,35.852668762207,100,1.6,"0622.1Prt.Dn.3"
98,36.5677299499512,10,2,"0622.4Pad.Up11.2"
98,35.836669921875,10,2,"0622.4Pad.Up11.2"
98,35.127384185791,10,2,"0622.4Pad.Up11.2"
98,34.0688285827637,10,1.2,"0622.5Sqm.Up.1"
98,33.9455070495605,10,1.2,"0622.5Sqm.Up.1"
98,34.2778816223145,10,1.2,"0622.5Sqm.Up.1"
98,34.3159255981445,10,2,"0522.1Prt.Up.1"
98,33.97412109375,10,2,"0522.1Prt.Up.1"
98,34.3213081359863,10,2,"0522.1Prt.Up.1"
98,33.7462272644043,1,2,"0522.4Pad.Up11.3"
98,34.0922966003418,1,2,"0522.4Pad.Up11.3"
98,34.665599822998,1,2,"0522.4Pad.Up11.3"
98,35.7780914306641,100,1.4,"0622.1Prt.Up.1"
98,35.7158050537109,100,1.4,"0622.1Prt.Up.1"
98,38.2212791442871,100,1.4,"0622.1Prt.Up.1"
98,NA,10,2,"0622.4Pad.Up11.3"
98,38.0928344726562,10,2,"0622.4Pad.Up11.3"
98,37.5679626464844,10,2,"0622.4Pad.Up11.3"
98,34.5904693603516,10,1.5,"0622.5Sqm.Up.2"
98,34.3293228149414,10,1.5,"0622.5Sqm.Up.2"
98,34.3194313049316,10,1.5,"0622.5Sqm.Up.2"
98,34.1015167236328,10,2,"0522.1Prt.Up.2"
98,33.8374099731445,10,2,"0522.1Prt.Up.2"
98,34.1882629394531,10,2,"0522.1Prt.Up.2"
98,34.4337882995605,1,2,"0522.4Pad.Up5.1"
98,34.764232635498,1,2,"0522.4Pad.Up5.1"
98,34.0681304931641,1,2,"0522.4Pad.Up5.1"
98,37.6981353759766,10,2,"0522.5Sqm.Up.3"
98,36.1030464172363,10,2,"0522.5Sqm.Up.3"
98,36.8434753417969,10,2,"0522.5Sqm.Up.3"
98,38.8757019042969,100,1.5,"0622.1Prt.Up.2"
98,39.1715469360352,100,1.5,"0622.1Prt.Up.2"
98,39.3735084533691,100,1.5,"0622.1Prt.Up.2"
98,37.7703514099121,10,2,"0622.4Pad.Up5.1"
98,NA,10,2,"0622.4Pad.Up5.1"
98,37.6740417480469,10,2,"0622.4Pad.Up5.1"
98,33.7954750061035,10,1.4,"0622.5Sqm.Up.3"
98,33.9680519104004,10,1.4,"0622.5Sqm.Up.3"
98,33.9748229980469,10,1.4,"0622.5Sqm.Up.3"
98,33.8686103820801,10,2,"0522.1Prt.Up.3"
98,34.690975189209,10,2,"0522.1Prt.Up.3"
98,34.3088798522949,10,2,"0522.1Prt.Up.3"
98,34.3062210083008,1,2,"0522.4Pad.Up5.2"
98,35.2280502319336,1,2,"0522.4Pad.Up5.2"
98,34.253116607666,1,2,"0522.4Pad.Up5.2"
98,35.1753082275391,1,2,"0522.4Pad.Dn.1"
98,33.7393531799316,1,2,"0522.4Pad.Dn.1"
98,34.9618759155273,1,2,"0522.4Pad.Dn.1"
98,34.4928817749023,10,1.2,"0622.5Sqm.Up.1"
98,33.3863182067871,10,1.2,"0622.5Sqm.Up.1"
98,33.7000503540039,10,1.2,"0622.5Sqm.Up.1"
98,34.6970634460449,1,2,"0522.4Pad.Dn.1"
98,35.1101531982422,1,2,"0522.4Pad.Dn.1"
98,35.2487335205078,1,2,"0522.4Pad.Dn.1"
98,35.7565155029297,1,2,"0522.4Pad.Up5.3"
98,34.1681671142578,1,2,"0522.4Pad.Up5.3"
98,34.7550506591797,1,2,"0522.4Pad.Up5.3"
98,34.7024574279785,1,2,"0522.4Pad.Dn.1"
98,34.6063232421875,1,2,"0522.4Pad.Dn.1"
98,35.1611175537109,1,2,"0522.4Pad.Dn.1"
98,35.4731712341309,10,2,"0622.4Pad.Dn.1"
98,35.3413734436035,10,2,"0622.4Pad.Dn.1"
98,35.9414482116699,10,2,"0622.4Pad.Dn.1"
98,36.9051933288574,10,2,"0622.4Pad.Up5.3"
98,36.9419364929199,10,2,"0622.4Pad.Up5.3"
98,35.4090042114258,10,2,"0622.4Pad.Up5.3"
98,33.3107147216797,10,1.2,"0622.5Sqm.Up.1"
98,33.6309585571289,10,1.2,"0622.5Sqm.Up.1"
98,34.2639274597168,10,1.2,"0622.5Sqm.Up.1"
98,34.0272254943848,1,2,"0522.4Pad.Dn.2"
98,34.0202941894531,1,2,"0522.4Pad.Dn.2"
98,33.7906532287598,1,2,"0522.4Pad.Dn.2"
98,38.2678642272949,10,2,"0522.5Sqm.Dn.1"
98,NA,10,2,"0522.5Sqm.Dn.1"
98,36.7512168884277,10,2,"0522.5Sqm.Dn.1"
98,35.8715171813965,10,2,"0622.4Pad.Dn.2"
98,37.4142990112305,10,2,"0622.4Pad.Dn.2"
98,36.0490951538086,10,2,"0622.4Pad.Dn.2"
98,33.5107040405273,10,0.95,"0622.5Sqm.Dn.1"
98,34.0738372802734,10,0.95,"0622.5Sqm.Dn.1"
98,33.5023307800293,10,0.95,"0622.5Sqm.Dn.1"
99,29.9985237121582,1,2,"0722.5Sqm.Dn.2"
99,30.238712310791,1,2,"0722.5Sqm.Dn.2"
99,30.4002628326416,1,2,"0722.5Sqm.Dn.2"
99,32.0655899047852,100,2,"0822.1Prt.Dn.1"
99,31.6545715332031,100,2,"0822.1Prt.Dn.1"
99,31.7927780151367,100,2,"0822.1Prt.Dn.1"
99,31.9910373687744,1,2,"0822.4Pad.Dn.3"
99,31.5526657104492,1,2,"0822.4Pad.Dn.3"
99,32.1606903076172,1,2,"0822.4Pad.Dn.3"
99,28.9492168426514,1,2,"0822.5Sqm.Dn.2"
99,29.0000171661377,1,2,"0822.5Sqm.Dn.2"
99,29.0585193634033,1,2,"0822.5Sqm.Dn.2"
99,34.174861907959,100,2,"0722.1Prt.Dn.2"
99,33.8407325744629,100,2,"0722.1Prt.Dn.2"
99,34.4447212219238,100,2,"0722.1Prt.Dn.2"
99,36.5223083496094,100,1,"0722.4Pad.Up11.1"
99,NA,100,1,"0722.4Pad.Up11.1"
99,30.1217918395996,1,2,"0722.5Sqm.Dn.3"
99,30.4535331726074,1,2,"0722.5Sqm.Dn.3"
99,30.6727619171143,1,2,"0722.5Sqm.Dn.3"
99,35.5245208740234,100,2,"0822.1Prt.Dn.2"
99,38.0317001342773,100,2,"0822.1Prt.Dn.2"
99,37.2510604858398,100,2,"0822.1Prt.Dn.2"
99,31.6888332366943,1,2,"0822.4Pad.Up11.1"
99,32.1258659362793,1,2,"0822.4Pad.Up11.1"
99,32.1448936462402,1,2,"0822.4Pad.Up11.1"
99,27.3009147644043,1,2,"0822.5Sqm.Dn.3"
99,27.2777519226074,1,2,"0822.5Sqm.Dn.3"
99,27.3417930603027,1,2,"0822.5Sqm.Dn.3"
99,34.3912086486816,100,2,"0722.1Prt.Dn.3"
99,NA,100,2,"0722.1Prt.Dn.3"
99,34.1927757263184,100,2,"0722.1Prt.Dn.3"
99,36.169361114502,10,2,"0722.4Pad.Up11.2"
99,37.0345306396484,10,2,"0722.4Pad.Up11.2"
99,34.8515396118164,10,2,"0722.4Pad.Up11.2"
99,33.5968742370605,10,2,"0722.5Sqm.Up.1"
99,34.5441093444824,10,2,"0722.5Sqm.Up.1"
99,33.3554496765137,10,2,"0722.5Sqm.Up.1"
99,33.8012466430664,100,2,"0822.1Prt.Dn.3"
99,33.2042236328125,100,2,"0822.1Prt.Dn.3"
99,33.0910987854004,100,2,"0822.1Prt.Dn.3"
99,32.6831359863281,10,2,"0822.4Pad.Up11.2"
99,32.2356262207031,10,2,"0822.4Pad.Up11.2"
99,32.4783973693848,10,2,"0822.4Pad.Up11.2"
99,30.8940410614014,10,2,"0822.5Sqm.Up.1"
99,30.2961101531982,10,2,"0822.5Sqm.Up.1"
99,30.5061264038086,10,2,"0822.5Sqm.Up.1"
99,31.7204036712646,10,2,"0722.1Prt.Up.1"
99,32.4295768737793,10,2,"0722.1Prt.Up.1"
99,31.7708301544189,10,2,"0722.1Prt.Up.1"
99,35.7277603149414,10,2,"0722.4Pad.Up11.3"
99,NA,10,2,"0722.4Pad.Up11.3"
99,37.2501602172852,10,2,"0722.4Pad.Up11.3"
99,34.1244316101074,10,2,"0722.5Sqm.Up.2"
99,34.0917205810547,10,2,"0722.5Sqm.Up.2"
99,33.7333908081055,10,2,"0722.5Sqm.Up.2"
99,32.0801544189453,100,2,"0822.1Prt.Up.1"
99,32.8425979614258,100,2,"0822.1Prt.Up.1"
99,31.7885856628418,100,2,"0822.1Prt.Up.1"
99,31.3066959381104,1,2,"0822.4Pad.Up11.3"
99,31.218053817749,1,2,"0822.4Pad.Up11.3"
99,31.7471752166748,1,2,"0822.4Pad.Up11.3"
99,29.3195400238037,1,2,"0822.5Sqm.Up.2"
99,29.3114223480225,1,2,"0822.5Sqm.Up.2"
99,29.3201427459717,1,2,"0822.5Sqm.Up.2"
99,31.4823589324951,10,2,"0722.1Prt.Up.2"
99,31.9663543701172,10,2,"0722.1Prt.Up.2"
99,31.5256519317627,10,2,"0722.1Prt.Up.2"
99,29.6723594665527,1,2,"0722.5Sqm.Up.3"
99,29.9006214141846,1,2,"0722.5Sqm.Up.3"
99,30.3192501068115,1,2,"0722.5Sqm.Up.3"
99,39.2508811950684,1,2,"0822.4Pad.Up5.1"
99,NA,1,2,"0822.4Pad.Up5.1"
99,37.4503517150879,1,2,"0822.4Pad.Up5.1"
99,29.2023029327393,1,2,"0822.5Sqm.Up.3"
99,29.4190711975098,1,2,"0822.5Sqm.Up.3"
99,29.4079399108887,1,2,"0822.5Sqm.Up.3"
99,30.9667720794678,10,2,"0722.1Prt.Up.3"
99,31.5364189147949,10,2,"0722.1Prt.Up.3"
99,31.4520397186279,10,2,"0722.1Prt.Up.3"
99,NA,1,2,"722.4Pad.Up5.2"
99,36.4498405456543,1,2,"722.4Pad.Up5.2"
99,37.6983108520508,1,2,"722.4Pad.Up5.2"
99,NA,100,1,"0722.4Pad.Up11.1"
99,36.4853935241699,100,1,"0722.4Pad.Up11.1"
99,37.194751739502,1,2,"0822.4Pad.Up5.1"
99,32.9251403808594,1,1,"0722.4Pad.Dn.1"
99,33.9856796264648,1,1,"0722.4Pad.Dn.1"
99,33.6397514343262,1,1,"0722.4Pad.Dn.1"
99,NA,100,1,"0722.4Pad.Up11.1"
99,31.7470111846924,1,2,"0822.4Pad.Dn.1"
99,31.7592792510986,1,2,"0822.4Pad.Dn.1"
99,32.1757164001465,1,2,"0822.4Pad.Dn.1"
99,37.6040229797363,1,2,"0822.4Pad.Up5.3"
99,36.0334129333496,1,2,"0822.4Pad.Up5.3"
99,36.6621780395508,1,2,"0822.4Pad.Up5.3"
99,38.140796661377,1,2,"0822.4Pad.Up5.1"
99,34.464900970459,1,2,"0722.4Pad.Dn.2"
99,32.9514503479004,1,2,"0722.4Pad.Dn.2"
99,33.464168548584,1,2,"0722.4Pad.Dn.2"
99,30.2395286560059,1,2,"0722.5Sqm.Dn.1"
99,30.2830944061279,1,2,"0722.5Sqm.Dn.1"
99,30.7302284240723,1,2,"0722.5Sqm.Dn.1"
99,31.2136650085449,1,2,"0822.4Pad.Dn.2"
99,31.0849456787109,1,2,"0822.4Pad.Dn.2"
99,31.5305690765381,1,2,"0822.4Pad.Dn.2"
99,29.8372631072998,1,2,"0822.5Sqm.Dn.1"
99,29.9802169799805,1,2,"0822.5Sqm.Dn.1"
99,30.080265045166,1,2,"0822.5Sqm.Dn.1"
99,35.9417381286621,10,2,"1222.1Prt.Dn.1"
99,34.5797004699707,10,2,"1222.1Prt.Dn.1"
99,33.5141983032227,10,2,"1222.1Prt.Dn.1"
99,33.4214134216309,1,2,"1222.4Pad.Dn.3"
99,33.4297370910645,1,2,"1222.4Pad.Dn.3"
99,34.0780258178711,1,2,"1222.4Pad.Dn.3"
99,36.9832077026367,1,2,"1222.5Sqm.Dn.2"
99,34.9198226928711,1,2,"1222.5Sqm.Dn.2"
99,35.8553161621094,1,2,"1222.5Sqm.Dn.2"
99,31.8220367431641,1,2,"1222.1Prt.Dn.2"
99,32.2599906921387,1,2,"1222.1Prt.Dn.2"
99,32.1728172302246,1,2,"1222.1Prt.Dn.2"
99,35.4743270874023,1,2,"1222.5Sqm.Dn.3"
99,35.1747398376465,1,2,"1222.5Sqm.Dn.3"
99,35.4444313049316,1,2,"1222.5Sqm.Dn.3"
99,32.5573234558105,1,2,"1222.1Prt.Dn.3"
99,33.2067070007324,1,2,"1222.1Prt.Dn.3"
99,33.2034721374512,1,2,"1222.1Prt.Dn.3"
99,34.2437171936035,10,2,"1222.1Prt.Up.1"
99,35.4605255126953,10,2,"1222.1Prt.Up.1"
99,35.8620872497559,10,2,"1222.1Prt.Up.1"
99,36.6248664855957,1,2,"1222.4Pad.Up11.3"
99,NA,1,2,"1222.4Pad.Up11.3"
99,36.7204475402832,1,2,"1222.4Pad.Up11.3"
99,35.8046531677246,1,2,"1222.5Sqm.Up.2"
99,36.4796714782715,1,2,"1222.5Sqm.Up.2"
99,34.9724159240723,1,2,"1222.5Sqm.Up.2"
99,36.8384056091309,10,2,"1222.1Prt.Up.2"
99,35.5618934631348,10,2,"1222.1Prt.Up.2"
99,NA,10,2,"1222.1Prt.Up.2"
99,34.6070251464844,1,2,"1222.5Sqm.Up.3"
99,34.2623176574707,1,2,"1222.5Sqm.Up.3"
99,35.9790725708008,1,2,"1222.5Sqm.Up.3"
99,38.0189590454102,1,2,"1222.1Prt.Up.3"
99,36.2720832824707,1,2,"1222.1Prt.Up.3"
99,NA,1,2,"1222.1Prt.Up.3"
99,34.566650390625,1,2,"1222.4Pad.Up5.2"
99,36.2749252319336,1,2,"1222.4Pad.Up5.2"
99,35.1111946105957,1,2,"1222.4Pad.Up5.2"
99,36.9973602294922,1,2,"1222.4Pad.Dn.1"
99,36.611141204834,1,2,"1222.4Pad.Dn.1"
99,36.6710357666016,1,2,"1222.4Pad.Dn.1"
99,35.5584335327148,1,2,"1222.4Pad.Up5.3"
99,35.3908386230469,1,2,"1222.4Pad.Up5.3"
99,35.8149185180664,1,2,"1222.4Pad.Up5.3"
99,35.699951171875,1,2,"1222.4Pad.Dn.2"
99,36.6682205200195,1,2,"1222.4Pad.Dn.2"
99,36.6584930419922,1,2,"1222.4Pad.Dn.2"
99,35.8313522338867,1,2,"1222.5Sqm.Dn.1"
99,36.9080619812012,1,2,"1222.5Sqm.Dn.1"
99,35.5144004821777,1,2,"1222.5Sqm.Dn.1"
1,20.1342849731445,NA,NA,"St1"
1,20.1247463226318,NA,NA,"St1"
1,20.0854835510254,NA,NA,"St1"
1,23.2234363555908,NA,NA,"St2"
1,23.302978515625,NA,NA,"St2"
1,23.3272380828857,NA,NA,"St2"
1,26.6660957336426,NA,NA,"St3"
1,26.739818572998,NA,NA,"St3"
1,26.9405384063721,NA,NA,"St3"
1,30.067008972168,NA,NA,"St4"
1,30.2194633483887,NA,NA,"St4"
1,30.3954048156738,NA,NA,"St4"
1,33.2357025146484,NA,NA,"St5"
1,34.094612121582,NA,NA,"St5"
1,34.3691024780273,NA,NA,"St5"
1,34.6360664367676,NA,NA,"St6"
1,35.8769416809082,NA,NA,"St6"
1,34.996166229248,NA,NA,"St6"
1,34.3603286743164,NA,NA,"St6"
1,34.8642387390137,NA,NA,"St6"
1,36.8888320922852,NA,NA,"St6"
2,20.2147579193115,NA,NA,"St1"
2,20.180570602417,NA,NA,"St1"
2,20.135103225708,NA,NA,"St1"
2,23.3653259277344,NA,NA,"St2"
2,23.4221630096436,NA,NA,"St2"
2,23.3664703369141,NA,NA,"St2"
2,26.833459854126,NA,NA,"St3"
2,26.860179901123,NA,NA,"St3"
2,26.8369903564453,NA,NA,"St3"
2,29.8712768554688,NA,NA,"St4"
2,30.0952339172363,NA,NA,"St4"
2,30.1999340057373,NA,NA,"St4"
2,33.8803100585938,NA,NA,"St5"
2,33.8617210388184,NA,NA,"St5"
2,33.3476829528809,NA,NA,"St5"
2,35.5642242431641,NA,NA,"St6"
2,35.4500503540039,NA,NA,"St6"
2,34.2955474853516,NA,NA,"St6"
2,34.9073715209961,NA,NA,"St6"
2,35.5720252990723,NA,NA,"St6"
2,35.1457443237305,NA,NA,"St6"
3,22.3887786865234,NA,NA,"St1"
3,22.2963771820068,NA,NA,"St1"
3,22.2397975921631,NA,NA,"St1"
3,25.5281829833984,NA,NA,"St2"
3,25.5578098297119,NA,NA,"St2"
3,25.4898357391357,NA,NA,"St2"
3,28.9750747680664,NA,NA,"St3"
3,29.0636978149414,NA,NA,"St3"
3,28.9659576416016,NA,NA,"St3"
3,32.2463798522949,NA,NA,"St4"
3,32.2900924682617,NA,NA,"St4"
3,32.3140449523926,NA,NA,"St4"
3,35.4658546447754,NA,NA,"St5"
3,35.382640838623,NA,NA,"St5"
3,35.4913864135742,NA,NA,"St5"
3,37.3136940002441,NA,NA,"St6"
3,37.1595268249512,NA,NA,"St6"
3,36.4008178710938,NA,NA,"St6"
3,37.8137893676758,NA,NA,"St6"
3,36.4864501953125,NA,NA,"St6"
3,38.0054016113281,NA,NA,"St6"
4,19.8346252441406,NA,NA,"St1"
4,20.5606632232666,NA,NA,"St1"
4,20.469066619873,NA,NA,"St1"
4,23.8388481140137,NA,NA,"St2"
4,23.8584842681885,NA,NA,"St2"
4,23.8479099273682,NA,NA,"St2"
4,27.3032817840576,NA,NA,"St3"
4,27.3372077941895,NA,NA,"St3"
4,27.2389240264893,NA,NA,"St3"
4,30.4782657623291,NA,NA,"St4"
4,30.488073348999,NA,NA,"St4"
4,30.754753112793,NA,NA,"St4"
4,33.7568588256836,NA,NA,"St5"
4,33.6631927490234,NA,NA,"St5"
4,33.1474800109863,NA,NA,"St5"
4,34.5143432617188,NA,NA,"St6"
4,35.1093444824219,NA,NA,"St6"
4,35.0864715576172,NA,NA,"St6"
4,35.1604652404785,NA,NA,"St6"
4,35.983512878418,NA,NA,"St6"
4,36.6811676025391,NA,NA,"St6"
5,21.5232830047607,NA,NA,"St1"
5,21.7175827026367,NA,NA,"St1"
5,21.8745708465576,NA,NA,"St1"
5,25.0254650115967,NA,NA,"St2"
5,25.0495433807373,NA,NA,"St2"
5,24.970516204834,NA,NA,"St2"
5,28.4655933380127,NA,NA,"St3"
5,28.3624210357666,NA,NA,"St3"
5,28.2710647583008,NA,NA,"St3"
5,31.7696952819824,NA,NA,"St4"
5,31.5613880157471,NA,NA,"St4"
5,31.6357402801514,NA,NA,"St4"
5,34.8078079223633,NA,NA,"St5"
5,35.6080703735352,NA,NA,"St5"
5,34.4181213378906,NA,NA,"St5"
5,36.386344909668,NA,NA,"St6"
5,36.2751655578613,NA,NA,"St6"
5,36.9717025756836,NA,NA,"St6"
5,36.9592399597168,NA,NA,"St6"
5,39.7949447631836,NA,NA,"St6"
5,36.9747009277344,NA,NA,"St6"
6,20.1791172027588,NA,NA,"St1"
6,20.125789642334,NA,NA,"St1"
6,19.9861583709717,NA,NA,"St1"
6,23.6887760162354,NA,NA,"St2"
6,23.5276412963867,NA,NA,"St2"
6,24.1872959136963,NA,NA,"St2"
6,27.3315086364746,NA,NA,"St3"
6,27.2218570709229,NA,NA,"St3"
6,27.0757083892822,NA,NA,"St3"
6,30.1857681274414,NA,NA,"St4"
6,30.4760055541992,NA,NA,"St4"
6,30.097713470459,NA,NA,"St4"
6,33.3076972961426,NA,NA,"St5"
6,33.7504425048828,NA,NA,"St5"
6,32.8673439025879,NA,NA,"St5"
6,34.6588668823242,NA,NA,"St6"
6,33.2819137573242,NA,NA,"St6"
6,33.6553421020508,NA,NA,"St6"
6,34.7054214477539,NA,NA,"St6"
6,35.7233619689941,NA,NA,"St6"
6,36.2431831359863,NA,NA,"St6"
9,20.5373344421387,NA,NA,"St1"
9,20.2898330688477,NA,NA,"St1"
9,20.5885639190674,NA,NA,"St1"
9,23.7042808532715,NA,NA,"St2"
9,23.7192134857178,NA,NA,"St2"
9,23.6867294311523,NA,NA,"St2"
9,26.9336814880371,NA,NA,"St3"
9,27.2495803833008,NA,NA,"St3"
9,26.8993129730225,NA,NA,"St3"
9,30.2612705230713,NA,NA,"St4"
9,30.2585735321045,NA,NA,"St4"
9,30.1989707946777,NA,NA,"St4"
9,33.7725563049316,NA,NA,"St5"
9,32.3982925415039,NA,NA,"St5"
9,33.4440155029297,NA,NA,"St5"
9,37.2272567749023,NA,NA,"St6"
9,NA,NA,NA,"St6"
9,34.6362571716309,NA,NA,"St6"
9,35.6379241943359,NA,NA,"St6"
9,36.3067207336426,NA,NA,"St6"
10,20.4714622497559,NA,NA,"St1"
10,20.3456039428711,NA,NA,"St1"
10,20.5683555603027,NA,NA,"St1"
10,23.5857391357422,NA,NA,"St2"
10,23.8571758270264,NA,NA,"St2"
10,23.6175212860107,NA,NA,"St2"
10,26.678201675415,NA,NA,"St3"
10,26.9880104064941,NA,NA,"St3"
10,26.7546615600586,NA,NA,"St3"
10,30.1874198913574,NA,NA,"St4"
10,30.3854904174805,NA,NA,"St4"
10,30.0059719085693,NA,NA,"St4"
10,32.7178611755371,NA,NA,"St5"
10,33.1480827331543,NA,NA,"St5"
10,33.3082237243652,NA,NA,"St5"
10,35.3326148986816,NA,NA,"St6"
10,NA,NA,NA,"St6"
10,36.6606788635254,NA,NA,"St6"
10,34.6639175415039,NA,NA,"St6"
11,21.0770378112793,NA,NA,"St1"
11,20.9840259552002,NA,NA,"St1"
11,21.1072673797607,NA,NA,"St1"
11,24.2291564941406,NA,NA,"St2"
11,24.2433586120605,NA,NA,"St2"
11,24.3757572174072,NA,NA,"St2"
11,27.5959415435791,NA,NA,"St3"
11,27.502799987793,NA,NA,"St3"
11,27.6303901672363,NA,NA,"St3"
11,30.5455265045166,NA,NA,"St4"
11,30.9278907775879,NA,NA,"St4"
11,30.7260608673096,NA,NA,"St4"
11,34.8046569824219,NA,NA,"St5"
11,33.97607421875,NA,NA,"St5"
11,33.7599143981934,NA,NA,"St5"
11,34.3306427001953,NA,NA,"St6"
11,35.2987098693848,NA,NA,"St6"
11,35.6086311340332,NA,NA,"St6"
11,34.9017486572266,NA,NA,"St6"
11,34.8771362304688,NA,NA,"St6"
11,36.9621467590332,NA,NA,"St6"
7,22.9829006195068,NA,NA,"St1"
7,22.5406379699707,NA,NA,"St1"
7,22.497673034668,NA,NA,"St1"
7,25.920051574707,NA,NA,"St2"
7,26.2265796661377,NA,NA,"St2"
7,26.0342044830322,NA,NA,"St2"
7,29.2761096954346,NA,NA,"St3"
7,29.2079639434814,NA,NA,"St3"
7,29.2620506286621,NA,NA,"St3"
7,32.3987045288086,NA,NA,"St4"
7,32.9545669555664,NA,NA,"St4"
7,32.8450965881348,NA,NA,"St4"
7,36.9555702209473,NA,NA,"St5"
7,36.5580444335938,NA,NA,"St5"
7,36.6391830444336,NA,NA,"St5"
7,36.8845138549805,NA,NA,"St6"
7,36.3721809387207,NA,NA,"St6"
7,36.1617546081543,NA,NA,"St6"
7,37.1988716125488,NA,NA,"St6"
7,36.5211868286133,NA,NA,"St6"
7,38.2516288757324,NA,NA,"St6"
8,23.4707412719727,NA,NA,"St1"
8,23.3210563659668,NA,NA,"St1"
8,23.4356536865234,NA,NA,"St1"
8,26.6867408752441,NA,NA,"St2"
8,26.8688297271729,NA,NA,"St2"
8,26.8167152404785,NA,NA,"St2"
8,29.9368591308594,NA,NA,"St3"
8,29.9552440643311,NA,NA,"St3"
8,29.9664878845215,NA,NA,"St3"
8,33.8377304077148,NA,NA,"St4"
8,33.0458602905273,NA,NA,"St4"
8,32.9631767272949,NA,NA,"St4"
8,36.3042297363281,NA,NA,"St5"
8,36.7162704467773,NA,NA,"St5"
8,36.932071685791,NA,NA,"St5"
8,37.9811706542969,NA,NA,"St6"
8,39.4208145141602,NA,NA,"St6"
8,37.5229148864746,NA,NA,"St6"
8,38.0695343017578,NA,NA,"St6"
8,36.8702735900879,NA,NA,"St6"
8,38.0209083557129,NA,NA,"St6"
12,20.9162254333496,NA,NA,"St1"
12,20.7415084838867,NA,NA,"St1"
12,20.7610912322998,NA,NA,"St1"
12,23.8552436828613,NA,NA,"St2"
12,23.7586116790771,NA,NA,"St2"
12,23.783842086792,NA,NA,"St2"
12,27.2147655487061,NA,NA,"St3"
12,27.3862895965576,NA,NA,"St3"
12,27.2779483795166,NA,NA,"St3"
12,30.3885860443115,NA,NA,"St4"
12,30.1016483306885,NA,NA,"St4"
12,30.1660327911377,NA,NA,"St4"
12,33.3135948181152,NA,NA,"St5"
12,33.8269844055176,NA,NA,"St5"
12,33.2156677246094,NA,NA,"St5"
12,35.3628845214844,NA,NA,"St6"
12,34.6868591308594,NA,NA,"St6"
12,34.4403877258301,NA,NA,"St6"
12,35.3239555358887,NA,NA,"St6"
12,36.9407234191895,NA,NA,"St6"
12,36.3359565734863,NA,NA,"St6"
14,24.2118396759033,NA,NA,"St1"
14,24.2897300720215,NA,NA,"St1"
14,24.2312431335449,NA,NA,"St1"
14,27.4715843200684,NA,NA,"St2"
14,27.2995433807373,NA,NA,"St2"
14,27.3249244689941,NA,NA,"St2"
14,30.6189575195312,NA,NA,"St3"
14,30.536003112793,NA,NA,"St3"
14,30.4873065948486,NA,NA,"St3"
14,33.5711936950684,NA,NA,"St4"
14,32.9830093383789,NA,NA,"St4"
14,32.027702331543,NA,NA,"St4"
14,36.3246459960938,NA,NA,"St5"
14,36.6278915405273,NA,NA,"St5"
14,36.8734855651855,NA,NA,"St5"
14,40.5577545166016,NA,NA,"St6"
14,38.8147468566895,NA,NA,"St6"
14,NA,NA,NA,"St6"
14,39.498161315918,NA,NA,"St6"
14,38.9069900512695,NA,NA,"St6"
14,40.9595336914062,NA,NA,"St6"
15,23.5310611724854,NA,NA,"St1"
15,23.520902633667,NA,NA,"St1"
15,23.5999908447266,NA,NA,"St1"
15,26.6815567016602,NA,NA,"St2"
15,26.6712112426758,NA,NA,"St2"
15,26.6319713592529,NA,NA,"St2"
15,30.0939426422119,NA,NA,"St3"
15,30.0006237030029,NA,NA,"St3"
15,29.9448642730713,NA,NA,"St3"
15,33.554573059082,NA,NA,"St4"
15,33.7956352233887,NA,NA,"St4"
15,33.5579109191895,NA,NA,"St4"
15,37.3400726318359,NA,NA,"St5"
15,38.9820671081543,NA,NA,"St5"
15,37.8488159179688,NA,NA,"St5"
15,36.9847106933594,NA,NA,"St6"
15,39.3890228271484,NA,NA,"St6"
15,38.0069580078125,NA,NA,"St6"
15,37.6255683898926,NA,NA,"St6"
15,38.7844848632812,NA,NA,"St6"
15,NA,NA,NA,"St6"
16,24.3037967681885,NA,NA,"St1"
16,24.3322811126709,NA,NA,"St1"
16,24.2926445007324,NA,NA,"St1"
16,26.9769859313965,NA,NA,"St2"
16,26.9617443084717,NA,NA,"St2"
16,26.9965209960938,NA,NA,"St2"
16,30.7901935577393,NA,NA,"St3"
16,30.7556438446045,NA,NA,"St3"
16,30.9538097381592,NA,NA,"St3"
16,34.0329475402832,NA,NA,"St4"
16,34.4317855834961,NA,NA,"St4"
16,33.6511459350586,NA,NA,"St4"
16,36.8455619812012,NA,NA,"St5"
16,36.7974014282227,NA,NA,"St5"
16,37.3163642883301,NA,NA,"St5"
16,37.5050506591797,NA,NA,"St6"
16,36.9683074951172,NA,NA,"St6"
16,38.0282707214355,NA,NA,"St6"
16,38.543384552002,NA,NA,"St6"
16,39.5632553100586,NA,NA,"St6"
16,39.0386047363281,NA,NA,"St6"
17,24.9895763397217,NA,NA,"St1"
17,25.0050487518311,NA,NA,"St1"
17,25.1134834289551,NA,NA,"St1"
17,28.2086563110352,NA,NA,"St2"
17,28.1414184570312,NA,NA,"St2"
17,28.4462547302246,NA,NA,"St2"
17,31.9369506835938,NA,NA,"St3"
17,31.9399948120117,NA,NA,"St3"
17,32.0944023132324,NA,NA,"St3"
17,35.5278816223145,NA,NA,"St4"
17,36.5114250183105,NA,NA,"St4"
17,35.7453994750977,NA,NA,"St4"
17,39.1480712890625,NA,NA,"St5"
17,NA,NA,NA,"St5"
17,38.4667358398438,NA,NA,"St5"
17,39.7803344726562,NA,NA,"St6"
17,38.6208915710449,NA,NA,"St6"
17,38.5358390808105,NA,NA,"St6"
17,39.226749420166,NA,NA,"St6"
17,38.9528579711914,NA,NA,"St6"
17,38.538646697998,NA,NA,"St6"
20,22.1332168579102,NA,NA,"St1"
20,21.9921932220459,NA,NA,"St1"
20,22.0675811767578,NA,NA,"St1"
20,25.3462505340576,NA,NA,"St2"
20,25.4883766174316,NA,NA,"St2"
20,25.4985294342041,NA,NA,"St2"
20,28.8176193237305,NA,NA,"St3"
20,28.7846279144287,NA,NA,"St3"
20,28.8708782196045,NA,NA,"St3"
20,31.7795886993408,NA,NA,"St4"
20,31.9323234558105,NA,NA,"St4"
20,32.070915222168,NA,NA,"St4"
20,34.9865264892578,NA,NA,"St5"
20,35.0622406005859,NA,NA,"St5"
20,35.2837409973145,NA,NA,"St5"
20,38.9292869567871,NA,NA,"St6"
20,38.0890312194824,NA,NA,"St6"
20,36.3886909484863,NA,NA,"St6"
20,36.754150390625,NA,NA,"St7"
20,38.9434852600098,NA,NA,"St7"
20,37.2340087890625,NA,NA,"St7"
20,40.9836235046387,NA,NA,"St8"
20,38.8156242370605,NA,NA,"St8"
20,39.0906257629395,NA,NA,"St8"
23,20.3454170227051,NA,NA,"St1"
23,20.2859573364258,NA,NA,"St1"
23,20.2976551055908,NA,NA,"St1"
23,23.8480567932129,NA,NA,"St2"
23,23.8314819335938,NA,NA,"St2"
23,24.3027801513672,NA,NA,"St2"
23,27.2582416534424,NA,NA,"St3"
23,27.2428607940674,NA,NA,"St3"
23,27.2015933990479,NA,NA,"St3"
23,30.5592002868652,NA,NA,"St4"
23,30.7043170928955,NA,NA,"St4"
23,30.8261184692383,NA,NA,"St4"
23,34.3058128356934,NA,NA,"St5"
23,34.330638885498,NA,NA,"St5"
23,33.8805541992188,NA,NA,"St5"
23,35.6865615844727,NA,NA,"St6"
23,34.9607887268066,NA,NA,"St6"
23,36.2990570068359,NA,NA,"St6"
23,35.8373603820801,NA,NA,"St7"
23,35.4669990539551,NA,NA,"St7"
23,36.2630920410156,NA,NA,"St7"
23,36.9575691223145,NA,NA,"St8"
23,36.8479270935059,NA,NA,"St8"
23,37.6690063476562,NA,NA,"St8"
21,21.9023151397705,NA,NA,"St1"
21,21.8913898468018,NA,NA,"St1"
21,22.2430076599121,NA,NA,"St1"
21,25.9461269378662,NA,NA,"St2"
21,25.7489757537842,NA,NA,"St2"
21,25.6769695281982,NA,NA,"St2"
21,28.9809036254883,NA,NA,"St3"
21,28.9192924499512,NA,NA,"St3"
21,28.9428329467773,NA,NA,"St3"
21,32.5488204956055,NA,NA,"St4"
21,32.4213600158691,NA,NA,"St4"
21,32.0405464172363,NA,NA,"St4"
21,36.0631065368652,NA,NA,"St5"
21,35.189510345459,NA,NA,"St5"
21,34.9073486328125,NA,NA,"St5"
21,35.7431526184082,NA,NA,"St6"
21,36.9608688354492,NA,NA,"St6"
21,36.4316787719727,NA,NA,"St6"
21,36.737979888916,NA,NA,"St7"
21,36.4415740966797,NA,NA,"St7"
21,37.6523971557617,NA,NA,"St7"
21,38.0512466430664,NA,NA,"St8"
21,39.5136489868164,NA,NA,"St8"
21,37.9452590942383,NA,NA,"St8"
22,22.3597030639648,NA,NA,"St1"
22,22.3027305603027,NA,NA,"St1"
22,22.2679672241211,NA,NA,"St1"
22,25.5050983428955,NA,NA,"St2"
22,25.4876880645752,NA,NA,"St2"
22,25.5039978027344,NA,NA,"St2"
22,28.5381679534912,NA,NA,"St3"
22,28.7612800598145,NA,NA,"St3"
22,28.8053894042969,NA,NA,"St3"
22,32.0066375732422,NA,NA,"St4"
22,31.6059722900391,NA,NA,"St4"
22,31.562126159668,NA,NA,"St4"
22,34.5875244140625,NA,NA,"St5"
22,34.2318115234375,NA,NA,"St5"
22,34.6268882751465,NA,NA,"St5"
22,35.3668785095215,NA,NA,"St6"
22,35.2860298156738,NA,NA,"St6"
22,36.5274391174316,NA,NA,"St6"
22,35.9782524108887,NA,NA,"St7"
22,35.6706771850586,NA,NA,"St7"
22,36.632869720459,NA,NA,"St7"
22,38.1911582946777,NA,NA,"St8"
22,40.9641227722168,NA,NA,"St8"
22,38.2224311828613,NA,NA,"St8"
24,21.7519149780273,NA,NA,"St1"
24,21.7265968322754,NA,NA,"St1"
24,21.6394653320312,NA,NA,"St1"
24,25.2242565155029,NA,NA,"St2"
24,25.2806072235107,NA,NA,"St2"
24,25.300178527832,NA,NA,"St2"
24,28.7777481079102,NA,NA,"St3"
24,28.7284450531006,NA,NA,"St3"
24,28.8731384277344,NA,NA,"St3"
24,31.8769931793213,NA,NA,"St4"
24,31.8156452178955,NA,NA,"St4"
24,31.8330554962158,NA,NA,"St4"
24,34.8927421569824,NA,NA,"St5"
24,35.9426231384277,NA,NA,"St5"
24,34.9379386901855,NA,NA,"St5"
24,37.3849983215332,NA,NA,"St6"
24,35.8457870483398,NA,NA,"St6"
24,35.9031524658203,NA,NA,"St6"
24,36.7725868225098,NA,NA,"St7"
24,37.1023559570312,NA,NA,"St7"
24,37.0309753417969,NA,NA,"St7"
24,38.9706840515137,NA,NA,"St8"
24,41.969165802002,NA,NA,"St8"
24,37.8086738586426,NA,NA,"St8"
18,22.7749462127686,NA,NA,"St1"
18,22.5942802429199,NA,NA,"St1"
18,22.6745643615723,NA,NA,"St1"
18,26.2548046112061,NA,NA,"St2"
18,26.0146980285645,NA,NA,"St2"
18,26.0431747436523,NA,NA,"St2"
18,29.6182289123535,NA,NA,"St3"
18,29.6205425262451,NA,NA,"St3"
18,29.8071517944336,NA,NA,"St3"
18,32.9648170471191,NA,NA,"St4"
18,32.8688468933105,NA,NA,"St4"
18,32.9869422912598,NA,NA,"St4"
18,37.4748268127441,NA,NA,"St5"
18,36.2247085571289,NA,NA,"St5"
18,36.9022941589355,NA,NA,"St5"
18,36.8176002502441,NA,NA,"St6"
18,37.7760238647461,NA,NA,"St6"
18,37.9712181091309,NA,NA,"St6"
18,37.50439453125,NA,NA,"St7"
18,36.7177314758301,NA,NA,"St7"
18,36.9711837768555,NA,NA,"St7"
18,39.109203338623,NA,NA,"St8"
18,40.9501419067383,NA,NA,"St8"
18,NA,NA,NA,"St8"
19,23.6056137084961,NA,NA,"St1"
19,23.3164291381836,NA,NA,"St1"
19,23.4891395568848,NA,NA,"St1"
19,26.9155368804932,NA,NA,"St2"
19,26.9795246124268,NA,NA,"St2"
19,26.8316326141357,NA,NA,"St2"
19,30.2374534606934,NA,NA,"St3"
19,30.140344619751,NA,NA,"St3"
19,30.0885734558105,NA,NA,"St3"
19,33.504150390625,NA,NA,"St4"
19,33.3945274353027,NA,NA,"St4"
19,33.4059715270996,NA,NA,"St4"
19,36.7581787109375,NA,NA,"St5"
19,36.3379020690918,NA,NA,"St5"
19,37.5605163574219,NA,NA,"St5"
19,38.6641540527344,NA,NA,"St6"
19,38.8512992858887,NA,NA,"St6"
19,39.8646583557129,NA,NA,"St6"
19,38.4417266845703,NA,NA,"St7"
19,NA,NA,NA,"St7"
19,39.394775390625,NA,NA,"St7"
19,39.3485641479492,NA,NA,"St8"
19,40.4558410644531,NA,NA,"St8"
19,NA,NA,NA,"St8"
25,22.9738483428955,NA,NA,"St1"
25,22.9463882446289,NA,NA,"St1"
25,22.8285179138184,NA,NA,"St1"
25,26.2466259002686,NA,NA,"St2"
25,26.3551349639893,NA,NA,"St2"
25,26.2321014404297,NA,NA,"St2"
25,29.8490352630615,NA,NA,"St3"
25,29.8573589324951,NA,NA,"St3"
25,29.7122364044189,NA,NA,"St3"
25,33.5168685913086,NA,NA,"St4"
25,33.5541076660156,NA,NA,"St4"
25,33.4487075805664,NA,NA,"St4"
25,36.982177734375,NA,NA,"St5"
25,36.3954086303711,NA,NA,"St5"
25,36.2734184265137,NA,NA,"St5"
25,37.5373306274414,NA,NA,"St6"
25,37.3637390136719,NA,NA,"St6"
25,38.5416564941406,NA,NA,"St6"
25,37.5838165283203,NA,NA,"St7"
25,38.3207893371582,NA,NA,"St7"
25,36.9696311950684,NA,NA,"St7"
25,NA,NA,NA,"St8"
25,40.0123100280762,NA,NA,"St8"
25,41.9431571960449,NA,NA,"St8"
13,21.8471202850342,NA,NA,"St1"
13,22.0246410369873,NA,NA,"St1"
13,21.9577560424805,NA,NA,"St1"
13,25.6064872741699,NA,NA,"St2"
13,25.6044158935547,NA,NA,"St2"
13,25.5450897216797,NA,NA,"St2"
13,29.4645481109619,NA,NA,"St3"
13,29.4348793029785,NA,NA,"St3"
13,29.5632286071777,NA,NA,"St3"
13,32.0695648193359,NA,NA,"St4"
13,32.1439819335938,NA,NA,"St4"
13,32.271125793457,NA,NA,"St4"
13,34.9513778686523,NA,NA,"St5"
13,36.2596855163574,NA,NA,"St5"
13,34.8325424194336,NA,NA,"St5"
13,38.4640312194824,NA,NA,"St6"
13,37.9766693115234,NA,NA,"St6"
13,36.6147384643555,NA,NA,"St6"
13,37.4843711853027,NA,NA,"St7"
13,37.1500434875488,NA,NA,"St7"
13,37.2433128356934,NA,NA,"St7"
13,39.9355621337891,NA,NA,"St8"
13,37.9328727722168,NA,NA,"St8"
13,38.1572380065918,NA,NA,"St8"
26,22.7837352752686,NA,NA,"St1"
26,22.545862197876,NA,NA,"St1"
26,22.8771457672119,NA,NA,"St1"
26,26.3484477996826,NA,NA,"St2"
26,26.2779140472412,NA,NA,"St2"
26,26.3127288818359,NA,NA,"St2"
26,29.7866878509521,NA,NA,"St3"
26,29.6743659973145,NA,NA,"St3"
26,29.843334197998,NA,NA,"St3"
26,32.5615272521973,NA,NA,"St4"
26,32.7669219970703,NA,NA,"St4"
26,32.9292945861816,NA,NA,"St4"
26,36.9729118347168,NA,NA,"St5"
26,36.4810485839844,NA,NA,"St5"
26,36.4179344177246,NA,NA,"St5"
26,36.2682685852051,NA,NA,"St6"
26,36.9486694335938,NA,NA,"St6"
26,37.7468185424805,NA,NA,"St6"
26,37.410472869873,NA,NA,"St7"
26,37.8933143615723,NA,NA,"St7"
26,38.7342262268066,NA,NA,"St7"
26,NA,NA,NA,"St8"
26,40.9553489685059,NA,NA,"St8"
26,39.7855186462402,NA,NA,"St8"
27,23.2902793884277,NA,NA,"St1"
27,23.3105449676514,NA,NA,"St1"
27,23.3466815948486,NA,NA,"St1"
27,26.5550765991211,NA,NA,"St2"
27,26.6160621643066,NA,NA,"St2"
27,26.6356105804443,NA,NA,"St2"
27,29.884105682373,NA,NA,"St3"
27,29.9336242675781,NA,NA,"St3"
27,29.9993095397949,NA,NA,"St3"
27,32.9808769226074,NA,NA,"St4"
27,32.9845085144043,NA,NA,"St4"
27,33.0765228271484,NA,NA,"St4"
27,36.3594665527344,NA,NA,"St5"
27,36.1564712524414,NA,NA,"St5"
27,35.9768409729004,NA,NA,"St5"
27,36.9812393188477,NA,NA,"St6"
27,37.0713653564453,NA,NA,"St6"
27,37.6613616943359,NA,NA,"St6"
27,38.5080337524414,NA,NA,"St7"
27,37.8094863891602,NA,NA,"St7"
27,38.0923080444336,NA,NA,"St7"
27,40.3566398620605,NA,NA,"St8"
27,38.2860794067383,NA,NA,"St8"
27,40.9589385986328,NA,NA,"St8"
28,19.6692504882812,NA,NA,"St1"
28,19.5452938079834,NA,NA,"St1"
28,19.6187591552734,NA,NA,"St1"
28,22.9564533233643,NA,NA,"St2"
28,23.084888458252,NA,NA,"St2"
28,23.0332736968994,NA,NA,"St2"
28,26.4300937652588,NA,NA,"St3"
28,26.4268970489502,NA,NA,"St3"
28,26.4794178009033,NA,NA,"St3"
28,29.8681926727295,NA,NA,"St4"
28,29.6094036102295,NA,NA,"St4"
28,29.8637886047363,NA,NA,"St4"
28,33.3214797973633,NA,NA,"St5"
28,32.6704444885254,NA,NA,"St5"
28,33.779541015625,NA,NA,"St5"
28,34.9013748168945,NA,NA,"St6"
28,36.2547073364258,NA,NA,"St6"
28,34.8305206298828,NA,NA,"St6"
28,35.9188117980957,NA,NA,"St7"
28,34.9619560241699,NA,NA,"St7"
28,35.6849555969238,NA,NA,"St7"
28,37.6047401428223,NA,NA,"St8"
28,36.8802528381348,NA,NA,"St8"
28,37.0486907958984,NA,NA,"St8"
29,19.0519142150879,NA,NA,"St1"
29,19.1227035522461,NA,NA,"St1"
29,19.6602268218994,NA,NA,"St1"
29,23.639404296875,NA,NA,"St2"
29,24.0218887329102,NA,NA,"St2"
29,24.432430267334,NA,NA,"St2"
29,28.1504611968994,NA,NA,"St3"
29,28.6973171234131,NA,NA,"St3"
29,29.1608715057373,NA,NA,"St3"
29,NA,NA,NA,"St4"
29,32.5189476013184,NA,NA,"St5"
29,32.8716506958008,NA,NA,"St5"
29,32.5975761413574,NA,NA,"St5"
29,35.054027557373,NA,NA,"St6"
29,35.3416290283203,NA,NA,"St6"
29,35.667350769043,NA,NA,"St6"
29,37.9367485046387,NA,NA,"St7"
29,36.6029090881348,NA,NA,"St7"
29,37.3056106567383,NA,NA,"St7"
29,37.8995399475098,NA,NA,"St8"
29,NA,NA,NA,"St8"
29,37.9994964599609,NA,NA,"St8"
30,25.2877178192139,NA,NA,"St1"
30,25.2944526672363,NA,NA,"St1"
30,25.2960319519043,NA,NA,"St1"
30,28.6493377685547,NA,NA,"St2"
30,28.8639869689941,NA,NA,"St2"
30,28.8267059326172,NA,NA,"St2"
30,31.7044486999512,NA,NA,"St3"
30,31.95046043396,NA,NA,"St3"
30,31.9606246948242,NA,NA,"St3"
30,35.2485542297363,NA,NA,"St4"
30,36.1460571289062,NA,NA,"St4"
30,34.9620819091797,NA,NA,"St4"
30,38.8172874450684,NA,NA,"St5"
30,40.7732620239258,NA,NA,"St5"
30,37.8872756958008,NA,NA,"St5"
30,40.0349922180176,NA,NA,"St6"
30,38.1224403381348,NA,NA,"St6"
30,NA,NA,NA,"St6"
30,NA,NA,NA,"St7"
30,39.8131980895996,NA,NA,"St7"
30,NA,NA,NA,"St8"
98,19.8066864013672,NA,NA,"St1"
98,19.9736309051514,NA,NA,"St1"
98,20.2008686065674,NA,NA,"St1"
98,24.207239151001,NA,NA,"St2"
98,23.3988704681396,NA,NA,"St2"
98,23.4179496765137,NA,NA,"St2"
98,26.6573238372803,NA,NA,"St3"
98,26.4910640716553,NA,NA,"St3"
98,26.6156253814697,NA,NA,"St3"
98,30.1494426727295,NA,NA,"St4"
98,29.3877048492432,NA,NA,"St4"
98,29.643424987793,NA,NA,"St4"
98,35.0574760437012,NA,NA,"St5"
98,33.3651733398438,NA,NA,"St5"
98,33.134334564209,NA,NA,"St5"
98,34.3305015563965,NA,NA,"St6"
98,33.974437713623,NA,NA,"St6"
98,34.2086791992188,NA,NA,"St6"
98,34.2369155883789,NA,NA,"St6"
98,35.5238571166992,NA,NA,"St6"
98,33.8463706970215,NA,NA,"St6"
98,37.3283767700195,NA,NA,"St8"
98,38.7664985656738,NA,NA,"St8"
98,36.482551574707,NA,NA,"St8"
98,36.8527984619141,NA,NA,"St8"
98,35.900203704834,NA,NA,"St8"
98,36.7753944396973,NA,NA,"St8"
99,20.0363502502441,NA,NA,"St1"
99,19.8982086181641,NA,NA,"St1"
99,20.3639469146729,NA,NA,"St1"
99,21.8841247558594,NA,NA,"St2"
99,21.6028614044189,NA,NA,"St2"
99,21.9575843811035,NA,NA,"St2"
99,26.4238929748535,NA,NA,"St3"
99,26.3062343597412,NA,NA,"St3"
99,26.5306186676025,NA,NA,"St3"
99,29.4876461029053,NA,NA,"St4"
99,29.6755447387695,NA,NA,"St4"
99,29.6490268707275,NA,NA,"St4"
99,31.3091640472412,NA,NA,"St5"
99,31.2148094177246,NA,NA,"St5"
99,31.3757514953613,NA,NA,"St5"
99,33.1587257385254,NA,NA,"St6"
99,33.1459045410156,NA,NA,"St6"
99,35.2301750183105,NA,NA,"St6"
99,35.7806930541992,NA,NA,"St7"
99,34.3508377075195,NA,NA,"St7"
99,34.5546760559082,NA,NA,"St7"
99,34.3193550109863,NA,NA,"St8"
99,34.2483100891113,NA,NA,"St8"
99,36.2010879516602,NA,NA,"St8"
99,35.1461524963379,NA,NA,"St6"
99,35.5479965209961,NA,NA,"St6"
99,33.8398513793945,NA,NA,"St6"
99,34.7920837402344,NA,NA,"St7"
99,35.3734245300293,NA,NA,"St7"
99,33.4320945739746,NA,NA,"St7"
99,35.3833274841309,NA,NA,"St8"
99,35.4796142578125,NA,NA,"St8"
99,34.8938598632812,NA,NA,"St8"
